股票名称,股票代码,日期,开盘,收盘,最高,最低,成交量,成交额,振幅,涨跌幅,涨跌额,换手率
中证1000,852,2021-01-04,6671.93,6798.76,6809.43,6662.8,183204774,227626020864.0,2.21,2.29,152.29,1.92
中证1000,852,2021-01-05,6785.52,6807.45,6827.5,6726.46,197247557,250731503616.0,1.49,0.13,8.69,2.07
中证1000,852,2021-01-06,6803.69,6724.95,6816.26,6686.13,179080174,234002444288.0,1.91,-1.21,-82.5,1.88
中证1000,852,2021-01-07,6708.72,6616.55,6709.07,6557.27,193680051,238048919552.0,2.26,-1.61,-108.4,2.03
中证1000,852,2021-01-08,6603.51,6585.36,6638.86,6514.18,161815951,208803741696.0,1.88,-0.47,-31.19,1.7
中证1000,852,2021-01-11,6579.64,6475.95,6584.22,6437.03,166706872,214024720384.0,2.24,-1.66,-109.41,1.75
中证1000,852,2021-01-12,6453.01,6564.74,6566.14,6433.22,140365271,187562418176.0,2.05,1.37,88.79,1.47
中证1000,852,2021-01-13,6567.6,6513.64,6567.6,6471.78,162127982,213667983360.0,1.46,-0.78,-51.1,1.7
中证1000,852,2021-01-14,6488.75,6506.83,6557.26,6414.74,147196836,199066140672.0,2.19,-0.1,-6.81,1.54
中证1000,852,2021-01-15,6496.91,6528.46,6539.17,6435.46,131954642,177611583488.0,1.59,0.33,21.63,1.38
中证1000,852,2021-01-18,6515.58,6652.1,6655.05,6511.0,137393155,185540403200.0,2.21,1.89,123.64,1.44
中证1000,852,2021-01-19,6647.95,6614.07,6677.41,6602.78,155029358,198089392128.0,1.12,-0.57,-38.03,1.62
中证1000,852,2021-01-20,6606.73,6671.45,6671.45,6584.88,130748780,171733987328.0,1.31,0.87,57.38,1.37
中证1000,852,2021-01-21,6670.18,6745.11,6770.87,6669.41,159360714,203918036992.0,1.52,1.1,73.66,1.67
中证1000,852,2021-01-22,6736.01,6721.92,6737.55,6671.29,158667994,210019024896.0,0.98,-0.34,-23.19,1.66
中证1000,852,2021-01-25,6710.8,6657.27,6728.45,6631.69,166133978,226714685440.0,1.44,-0.96,-64.65,1.74
中证1000,852,2021-01-26,6630.36,6534.1,6645.81,6525.38,142066314,195248484352.0,1.81,-1.85,-123.17,1.49
中证1000,852,2021-01-27,6519.45,6537.75,6552.43,6449.37,130789778,174269124608.0,1.58,0.06,3.65,1.37
中证1000,852,2021-01-28,6466.57,6399.13,6545.72,6395.76,132320842,166111944704.0,2.29,-2.12,-138.62,1.39
中证1000,852,2021-01-29,6438.61,6304.12,6459.34,6221.87,145546545,178522472448.0,3.71,-1.48,-95.01,1.52
中证1000,852,2021-02-01,6282.03,6345.81,6347.17,6280.37,131086848,155005222912.0,1.06,0.66,41.69,1.37
中证1000,852,2021-02-02,6351.66,6417.46,6419.03,6307.81,128040832,163105370112.0,1.75,1.13,71.65,1.34
中证1000,852,2021-02-03,6404.07,6307.39,6404.07,6306.09,131192545,168984846336.0,1.53,-1.72,-110.07,1.37
中证1000,852,2021-02-04,6277.97,6167.75,6295.7,6077.28,139596611,166461911040.0,3.46,-2.21,-139.64,1.46
中证1000,852,2021-02-05,6179.49,6045.3,6214.28,6044.61,119798218,146098528256.0,2.75,-1.99,-122.45,1.25
中证1000,852,2021-02-08,6056.91,6088.82,6122.32,6000.96,103575977,125072580608.0,2.01,0.72,43.52,1.09
中证1000,852,2021-02-09,6101.68,6254.01,6264.18,6097.09,111416852,136524984320.0,2.74,2.71,165.19,1.17
中证1000,852,2021-02-10,6265.41,6303.31,6316.79,6236.35,105447347,135598366720.0,1.29,0.79,49.3,1.1
中证1000,852,2021-02-18,6405.02,6404.59,6441.51,6363.2,139118774,172637700096.0,1.24,1.61,101.28,1.46
中证1000,852,2021-02-19,6395.58,6527.65,6527.9,6374.58,155493627,174247206912.0,2.39,1.92,123.06,1.63
中证1000,852,2021-02-22,6553.91,6534.57,6659.41,6534.57,203594184,229273522176.0,1.91,0.11,6.92,2.13
中证1000,852,2021-02-23,6496.75,6489.96,6545.54,6447.97,158481359,177899888640.0,1.49,-0.68,-44.61,1.66
中证1000,852,2021-02-24,6490.38,6437.84,6542.28,6378.67,149391685,174898933760.0,2.52,-0.8,-52.12,1.56
中证1000,852,2021-02-25,6480.92,6399.35,6492.42,6390.41,135072292,150532550656.0,1.58,-0.6,-38.49,1.41
中证1000,852,2021-02-26,6287.49,6325.4,6381.32,6276.71,123205194,138979958784.0,1.63,-1.16,-73.95,1.29
中证1000,852,2021-03-01,6362.94,6495.16,6495.19,6362.94,128960440,148068663296.0,2.09,2.68,169.76,1.35
中证1000,852,2021-03-02,6518.32,6466.63,6518.99,6423.95,136222318,160394825728.0,1.46,-0.44,-28.53,1.43
中证1000,852,2021-03-03,6456.71,6553.6,6553.95,6446.84,136766203,151718895616.0,1.66,1.34,86.97,1.43
中证1000,852,2021-03-04,6519.04,6434.89,6534.6,6417.89,150190996,167852363776.0,1.78,-1.81,-118.71,1.57
中证1000,852,2021-03-05,6369.23,6456.28,6484.3,6366.47,139905674,147790495744.0,1.83,0.33,21.39,1.47
中证1000,852,2021-03-08,6496.21,6327.65,6529.87,6327.65,156811840,164778684416.0,3.13,-1.99,-128.63,1.64
中证1000,852,2021-03-09,6314.35,6126.28,6321.02,6035.91,161753224,161655177216.0,4.51,-3.18,-201.37,1.69
中证1000,852,2021-03-10,6192.15,6078.24,6208.77,6069.91,117963400,120671600640.0,2.27,-0.78,-48.04,1.24
中证1000,852,2021-03-11,6086.09,6219.66,6219.66,6055.4,124964076,128575418368.0,2.7,2.33,141.42,1.31
中证1000,852,2021-03-12,6231.69,6220.48,6234.34,6155.7,137675182,136378732544.0,1.26,0.01,0.82,1.44
中证1000,852,2021-03-15,6204.82,6177.74,6238.2,6130.4,133597000,131813838848.0,1.73,-0.69,-42.74,1.4
中证1000,852,2021-03-16,6182.52,6233.46,6233.46,6145.52,137725926,134210916352.0,1.42,0.9,55.72,1.44
中证1000,852,2021-03-17,6225.52,6277.58,6283.6,6184.06,125504532,124790972416.0,1.6,0.71,44.12,1.31
中证1000,852,2021-03-18,6276.8,6298.89,6322.46,6268.86,127601116,130271866880.0,0.85,0.34,21.31,1.34
中证1000,852,2021-03-19,6230.07,6250.81,6307.22,6208.76,125290138,128556101632.0,1.56,-0.76,-48.08,1.31
中证1000,852,2021-03-22,6256.52,6359.6,6359.67,6253.62,136096740,138130219008.0,1.7,1.74,108.79,1.43
中证1000,852,2021-03-23,6364.82,6289.0,6372.66,6259.8,148304553,151761502208.0,1.77,-1.11,-70.6,1.55
中证1000,852,2021-03-24,6249.23,6196.27,6286.85,6183.2,137984975,138421514240.0,1.65,-1.47,-92.73,1.45
中证1000,852,2021-03-25,6172.4,6190.71,6233.69,6130.25,125392929,123533451264.0,1.67,-0.09,-5.56,1.31
中证1000,852,2021-03-26,6198.53,6301.34,6309.59,6198.53,124641823,131109126144.0,1.79,1.79,110.63,1.31
中证1000,852,2021-03-29,6323.94,6326.61,6364.54,6309.77,126449838,138044293120.0,0.87,0.4,25.27,1.32
中证1000,852,2021-03-30,6313.48,6301.58,6316.82,6268.25,127030211,135741009920.0,0.77,-0.4,-25.03,1.33
中证1000,852,2021-03-31,6289.6,6293.39,6298.79,6252.4,109810596,118374105088.0,0.74,-0.13,-8.19,1.15
中证1000,852,2021-04-01,6302.56,6335.79,6341.24,6286.06,110959296,116301205504.0,0.88,0.67,42.4,1.16
中证1000,852,2021-04-02,6354.71,6361.25,6383.46,6337.98,115189624,127464869888.0,0.72,0.4,25.46,1.21
中证1000,852,2021-04-06,6376.72,6421.49,6425.39,6374.72,112882527,123752513536.0,0.8,0.95,60.24,1.18
中证1000,852,2021-04-07,6419.99,6422.76,6422.77,6372.25,125134730,128879005696.0,0.79,0.02,1.27,1.31
中证1000,852,2021-04-08,6411.03,6404.13,6435.36,6387.91,136741809,138981359616.0,0.74,-0.29,-18.63,1.43
中证1000,852,2021-04-09,6399.15,6399.52,6410.53,6378.27,122690980,130323906560.0,0.5,-0.07,-4.61,1.29
中证1000,852,2021-04-12,6398.51,6263.4,6402.33,6251.49,132052544,139761864704.0,2.36,-2.13,-136.12,1.38
中证1000,852,2021-04-13,6252.71,6231.14,6282.97,6216.19,122869980,120402624512.0,1.07,-0.52,-32.26,1.29
中证1000,852,2021-04-14,6227.25,6320.07,6320.57,6225.56,116919813,118610595840.0,1.52,1.43,88.93,1.22
中证1000,852,2021-04-15,6304.74,6296.61,6304.79,6258.95,118742397,117020360704.0,0.73,-0.37,-23.46,1.24
中证1000,852,2021-04-16,6295.53,6368.85,6379.97,6295.53,135266662,134720827392.0,1.34,1.15,72.24,1.42
中证1000,852,2021-04-19,6368.86,6477.39,6477.41,6357.5,143642913,155002380288.0,1.88,1.7,108.54,1.5
中证1000,852,2021-04-20,6460.52,6457.63,6506.88,6450.39,139720479,158701514752.0,0.87,-0.31,-19.76,1.46
中证1000,852,2021-04-21,6425.34,6457.71,6470.94,6408.04,119477084,136567824384.0,0.97,0.0,0.08,1.25
中证1000,852,2021-04-22,6470.46,6485.21,6496.44,6463.14,118546168,139471175680.0,0.52,0.43,27.5,1.24
中证1000,852,2021-04-23,6478.93,6453.3,6478.93,6425.66,121669107,142037770240.0,0.82,-0.49,-31.91,1.27
中证1000,852,2021-04-26,6467.88,6431.09,6527.33,6427.76,133406111,161805680640.0,1.54,-0.34,-22.21,1.4
中证1000,852,2021-04-27,6423.79,6400.9,6429.86,6338.13,121314355,138737721344.0,1.43,-0.47,-30.19,1.27
中证1000,852,2021-04-28,6395.02,6437.25,6437.27,6366.01,121918029,145603698688.0,1.11,0.57,36.35,1.28
中证1000,852,2021-04-29,6419.04,6405.1,6441.85,6394.37,120927347,146138222592.0,0.74,-0.5,-32.15,1.27
中证1000,852,2021-04-30,6389.17,6382.14,6397.27,6348.8,130027676,152175448064.0,0.76,-0.36,-22.96,1.36
中证1000,852,2021-05-06,6385.32,6398.44,6420.42,6347.99,129283602,151692886016.0,1.13,0.26,16.3,1.35
中证1000,852,2021-05-07,6403.98,6320.25,6409.35,6320.07,153125256,164129198080.0,1.4,-1.22,-78.19,1.6
中证1000,852,2021-05-10,6330.15,6338.57,6351.42,6300.86,150515684,161260347392.0,0.8,0.29,18.32,1.58
中证1000,852,2021-05-11,6303.58,6343.86,6354.24,6239.26,149454822,157533786112.0,1.81,0.08,5.29,1.57
中证1000,852,2021-05-12,6321.98,6420.34,6420.34,6311.91,138850373,146828435456.0,1.71,1.21,76.48,1.45
中证1000,852,2021-05-13,6365.0,6375.01,6432.63,6354.23,153001738,160167350272.0,1.22,-0.71,-45.33,1.6
中证1000,852,2021-05-14,6395.51,6462.48,6462.5,6374.87,152664335,164857675776.0,1.37,1.37,87.47,1.6
中证1000,852,2021-05-17,6456.92,6457.28,6496.38,6438.87,146156636,166775853056.0,0.89,-0.08,-5.2,1.53
中证1000,852,2021-05-18,6451.07,6486.82,6486.92,6431.24,129048325,148691017728.0,0.86,0.46,29.54,1.35
中证1000,852,2021-05-19,6470.29,6488.95,6500.12,6455.82,133008428,153000632320.0,0.68,0.03,2.13,1.39
中证1000,852,2021-05-20,6455.72,6482.84,6505.52,6445.97,142946580,162941001728.0,0.92,-0.09,-6.11,1.5
中证1000,852,2021-05-21,6492.85,6480.37,6509.37,6468.45,130968376,147932909568.0,0.63,-0.04,-2.47,1.37
中证1000,852,2021-05-24,6480.55,6537.86,6537.86,6471.22,138109499,153822855168.0,1.03,0.89,57.49,1.45
中证1000,852,2021-05-25,6542.68,6615.71,6617.43,6532.9,149127619,171576233984.0,1.29,1.19,77.85,1.56
中证1000,852,2021-05-26,6618.18,6644.75,6666.21,6609.91,155716936,176675028992.0,0.85,0.44,29.04,1.63
中证1000,852,2021-05-27,6636.77,6705.05,6706.38,6630.03,154465324,183790792704.0,1.15,0.91,60.3,1.62
中证1000,852,2021-05-28,6709.89,6694.35,6735.55,6669.92,168672481,201076416512.0,0.98,-0.16,-10.7,1.77
中证1000,852,2021-05-31,6712.75,6814.36,6814.36,6712.75,161891756,202848608256.0,1.52,1.79,120.01,1.7
中证1000,852,2021-06-01,6810.47,6854.73,6854.75,6782.66,172711795,212099121152.0,1.06,0.59,40.37,1.81
中证1000,852,2021-06-02,6844.85,6759.46,6852.64,6742.03,171553764,208753897472.0,1.61,-1.39,-95.27,1.8
中证1000,852,2021-06-03,6754.78,6754.07,6824.98,6729.56,163047122,192981417984.0,1.41,-0.08,-5.39,1.71
中证1000,852,2021-06-04,6725.82,6785.8,6803.78,6718.76,159605578,192969531392.0,1.26,0.47,31.73,1.67
中证1000,852,2021-06-07,6811.04,6861.85,6861.85,6807.93,158871549,203918217216.0,0.79,1.12,76.05,1.66
中证1000,852,2021-06-08,6865.76,6809.86,6886.94,6779.93,167777357,210928242688.0,1.56,-0.76,-51.99,1.76
中证1000,852,2021-06-09,6807.48,6823.41,6834.04,6783.01,159067203,189042237440.0,0.75,0.2,13.55,1.67
中证1000,852,2021-06-10,6817.59,6898.21,6903.88,6808.66,178116700,219424595968.0,1.4,1.1,74.8,1.87
中证1000,852,2021-06-11,6907.83,6852.97,6907.95,6852.97,190230799,238809079808.0,0.8,-0.66,-45.24,1.99
中证1000,852,2021-06-15,6854.81,6815.12,6866.18,6796.88,163778570,214928429056.0,1.01,-0.55,-37.85,1.72
中证1000,852,2021-06-16,6808.63,6673.24,6810.2,6668.04,156086277,208080322560.0,2.09,-2.08,-141.88,1.64
中证1000,852,2021-06-17,6669.67,6787.67,6790.71,6669.67,148476838,206785949696.0,1.81,1.71,114.43,1.56
中证1000,852,2021-06-18,6783.99,6863.72,6869.26,6765.96,157958940,213850198016.0,1.52,1.12,76.05,1.65
中证1000,852,2021-06-21,6844.34,6968.3,6970.64,6833.36,157869005,220549423104.0,2.0,1.52,104.58,1.65
中证1000,852,2021-06-22,6987.51,7000.25,7010.62,6947.87,168334054,222850113536.0,0.9,0.46,31.95,1.76
中证1000,852,2021-06-23,6997.41,7046.17,7060.4,6978.77,162649503,222684708864.0,1.17,0.66,45.92,1.7
中证1000,852,2021-06-24,7045.05,6974.64,7045.05,6969.55,162062963,212191576064.0,1.07,-1.02,-71.53,1.7
中证1000,852,2021-06-25,6975.49,7000.43,7016.08,6947.12,163774031,216200622080.0,0.99,0.37,25.79,1.72
中证1000,852,2021-06-28,7007.43,7063.47,7081.05,7005.93,152113851,212154421248.0,1.07,0.9,63.04,1.59
中证1000,852,2021-06-29,7068.4,7004.3,7082.07,6999.75,155950034,221964394496.0,1.17,-0.84,-59.17,1.63
中证1000,852,2021-06-30,7011.18,7083.7,7083.99,7004.75,148620293,218687135744.0,1.13,1.13,79.4,1.56
中证1000,852,2021-07-01,7094.19,6969.53,7099.13,6969.53,155170163,223812255744.0,1.83,-1.61,-114.17,1.63
中证1000,852,2021-07-02,6947.45,6908.93,6960.48,6891.47,144228534,216582553600.0,0.99,-0.87,-60.6,1.51
中证1000,852,2021-07-05,6930.26,7006.7,7006.72,6930.26,150762865,223489245184.0,1.11,1.42,97.77,1.58
中证1000,852,2021-07-06,7013.99,6979.06,7045.19,6885.09,162135485,248979386368.0,2.28,-0.39,-27.64,1.7
中证1000,852,2021-07-07,6932.94,7089.66,7093.05,6913.5,153671393,233955803136.0,2.57,1.58,110.6,1.61
中证1000,852,2021-07-08,7102.67,7099.41,7138.76,7082.39,174040696,265134997504.0,0.8,0.14,9.75,1.82
中证1000,852,2021-07-09,7064.99,7142.9,7165.88,7000.59,169401413,253401300992.0,2.33,0.61,43.49,1.77
中证1000,852,2021-07-12,7184.09,7284.23,7301.1,7171.04,192465587,291238641664.0,1.82,1.98,141.33,2.02
中证1000,852,2021-07-13,7285.96,7331.73,7331.73,7263.16,192094228,289353535488.0,0.94,0.65,47.5,2.01
中证1000,852,2021-07-14,7301.61,7243.82,7338.31,7240.98,188693519,284232589312.0,1.33,-1.2,-87.91,1.98
中证1000,852,2021-07-15,7218.34,7241.62,7250.03,7103.97,181873510,269135630336.0,2.02,-0.03,-2.2,1.91
中证1000,852,2021-07-16,7230.85,7228.36,7311.45,7214.04,182770696,275657932800.0,1.35,-0.18,-13.26,1.91
中证1000,852,2021-07-19,7213.63,7205.27,7259.03,7174.11,177030272,263845388288.0,1.17,-0.32,-23.09,1.85
中证1000,852,2021-07-20,7145.54,7253.28,7253.37,7137.89,163146122,235171692544.0,1.6,0.67,48.01,1.71
中证1000,852,2021-07-21,7285.41,7398.81,7416.47,7285.41,190468877,283891003392.0,1.81,2.01,145.53,2.0
中证1000,852,2021-07-22,7405.65,7446.48,7447.03,7349.13,203728650,301835554816.0,1.32,0.64,47.67,2.13
中证1000,852,2021-07-23,7442.62,7379.79,7473.14,7348.32,219221253,317119668224.0,1.68,-0.9,-66.69,2.3
中证1000,852,2021-07-26,7368.13,7286.15,7395.27,7140.73,212857935,311265251328.0,3.45,-1.27,-93.64,2.23
中证1000,852,2021-07-27,7298.33,7093.87,7373.09,7093.86,221926720,340951416832.0,3.83,-2.64,-192.28,2.32
中证1000,852,2021-07-28,7019.05,6945.51,7058.51,6750.59,197276060,282261770240.0,4.34,-2.09,-148.36,2.07
中证1000,852,2021-07-29,7057.88,7207.48,7226.5,7057.88,182692229,284565745664.0,2.43,3.77,261.97,1.91
中证1000,852,2021-07-30,7209.04,7262.38,7279.06,7155.22,202917307,315095883776.0,1.72,0.76,54.9,2.13
中证1000,852,2021-08-02,7264.37,7402.35,7402.4,7248.89,213300147,338912944128.0,2.11,1.93,139.97,2.23
中证1000,852,2021-08-03,7375.22,7308.96,7419.34,7284.18,209470825,318057357312.0,1.83,-1.26,-93.39,2.19
中证1000,852,2021-08-04,7295.57,7478.21,7478.21,7295.45,186334118,297192357888.0,2.5,2.32,169.25,1.95
中证1000,852,2021-08-05,7454.28,7447.94,7494.33,7402.38,198831153,303102914560.0,1.23,-0.4,-30.27,2.08
中证1000,852,2021-08-06,7462.86,7482.17,7490.98,7419.73,186015124,291705909248.0,0.96,0.46,34.23,1.95
中证1000,852,2021-08-09,7459.35,7507.08,7509.33,7386.31,181108879,287557697536.0,1.64,0.33,24.91,1.9
中证1000,852,2021-08-10,7489.16,7549.55,7566.73,7467.06,189048527,303106789376.0,1.33,0.57,42.47,1.98
中证1000,852,2021-08-11,7538.82,7605.92,7611.65,7498.58,196350392,293467643904.0,1.5,0.75,56.37,2.06
中证1000,852,2021-08-12,7595.26,7657.53,7677.74,7588.74,210250483,307992403968.0,1.17,0.68,51.61,2.2
中证1000,852,2021-08-13,7635.49,7641.92,7724.44,7605.86,208006531,310770376704.0,1.55,-0.2,-15.61,2.18
中证1000,852,2021-08-16,7628.16,7568.14,7633.66,7546.54,201569546,292491128832.0,1.14,-0.97,-73.78,2.11
中证1000,852,2021-08-17,7559.3,7360.03,7578.43,7338.02,207426806,283827879936.0,3.18,-2.75,-208.11,2.17
中证1000,852,2021-08-18,7352.97,7405.49,7454.03,7338.82,178940547,248677523456.0,1.57,0.62,45.46,1.87
中证1000,852,2021-08-19,7387.44,7468.77,7511.19,7330.6,182890322,261439115264.0,2.44,0.85,63.28,1.92
中证1000,852,2021-08-20,7438.7,7467.36,7505.55,7354.17,176822351,260935229440.0,2.03,-0.02,-1.41,1.85
中证1000,852,2021-08-23,7501.41,7652.56,7668.89,7501.41,201491658,305726382080.0,2.24,2.48,185.2,2.11
中证1000,852,2021-08-24,7654.19,7715.07,7737.6,7614.94,212658511,322685538304.0,1.6,0.82,62.51,2.23
中证1000,852,2021-08-25,7707.09,7769.63,7769.7,7664.29,206398313,303214014464.0,1.37,0.71,54.56,2.16
中证1000,852,2021-08-26,7754.68,7669.53,7771.85,7662.38,228221412,319065759744.0,1.41,-1.29,-100.1,2.39
中证1000,852,2021-08-27,7634.93,7680.08,7686.34,7584.28,212891233,302869377024.0,1.33,0.14,10.55,2.23
中证1000,852,2021-08-30,7701.42,7727.75,7792.52,7687.15,236841828,350488457216.0,1.37,0.62,47.67,2.48
中证1000,852,2021-08-31,7714.17,7728.42,7728.42,7636.77,235455501,325712850944.0,1.19,0.01,0.67,2.47
中证1000,852,2021-09-01,7738.27,7606.87,7743.18,7495.76,267723538,372375965696.0,3.2,-1.57,-121.55,2.8
中证1000,852,2021-09-02,7572.05,7690.86,7703.72,7568.07,226086525,307631325184.0,1.78,1.1,83.99,2.37
中证1000,852,2021-09-03,7696.46,7630.84,7766.46,7561.23,267044513,357957529600.0,2.67,-0.78,-60.02,2.8
中证1000,852,2021-09-06,7625.74,7735.1,7735.55,7552.95,227954099,314079150080.0,2.39,1.37,104.26,2.39
中证1000,852,2021-09-07,7735.22,7878.35,7881.87,7718.59,228559608,314304835584.0,2.11,1.85,143.25,2.39
中证1000,852,2021-09-08,7886.27,7894.25,7911.02,7854.89,254321787,333805404160.0,0.71,0.2,15.9,2.66
中证1000,852,2021-09-09,7888.83,7900.24,7922.41,7835.15,238201733,318584827904.0,1.11,0.08,5.99,2.5
中证1000,852,2021-09-10,7897.33,7932.65,7954.48,7832.96,240016302,335009103872.0,1.54,0.41,32.41,2.51
中证1000,852,2021-09-13,7941.21,7947.48,7955.98,7875.0,230685197,331165024256.0,1.02,0.19,14.83,2.42
中证1000,852,2021-09-14,7927.89,7916.9,8042.52,7895.18,243225554,353788174336.0,1.85,-0.38,-30.58,2.55
中证1000,852,2021-09-15,7900.69,7972.23,7988.37,7862.31,213453916,315047723008.0,1.59,0.7,55.33,2.24
中证1000,852,2021-09-16,7974.08,7754.95,7993.22,7749.66,236666552,335038218240.0,3.06,-2.73,-217.28,2.48
中证1000,852,2021-09-17,7740.56,7730.22,7786.19,7575.08,214238031,302870261760.0,2.72,-0.32,-24.73,2.24
中证1000,852,2021-09-22,7640.47,7769.06,7774.51,7633.28,182733916,252891873280.0,1.83,0.5,38.84,1.91
中证1000,852,2021-09-23,7818.73,7806.8,7850.24,7792.59,212400136,294020853760.0,0.74,0.49,37.74,2.22
中证1000,852,2021-09-24,7799.92,7695.62,7806.81,7685.11,206463409,286416523264.0,1.56,-1.42,-111.18,2.16
中证1000,852,2021-09-27,7717.1,7467.82,7733.21,7399.81,213183647,291997511680.0,4.33,-2.96,-227.8,2.23
中证1000,852,2021-09-28,7428.41,7468.73,7496.33,7409.37,158064850,220715356160.0,1.16,0.01,0.91,1.66
中证1000,852,2021-09-29,7409.96,7199.18,7413.8,7199.11,172550144,227988709376.0,2.87,-3.61,-269.55,1.81
中证1000,852,2021-09-30,7237.54,7405.46,7411.28,7237.54,146442232,199724658688.0,2.41,2.87,206.28,1.53
中证1000,852,2021-10-08,7501.24,7425.67,7514.24,7382.02,159460337,220528173056.0,1.79,0.27,20.21,1.67
中证1000,852,2021-10-11,7441.62,7384.84,7442.35,7346.86,150601221,206333882368.0,1.29,-0.55,-40.83,1.58
中证1000,852,2021-10-12,7366.16,7208.47,7376.73,7125.54,156643676,210114883584.0,3.4,-2.39,-176.37,1.64
中证1000,852,2021-10-13,7213.01,7289.36,7297.3,7147.01,131191524,181326974976.0,2.08,1.12,80.89,1.37
中证1000,852,2021-10-14,7276.51,7342.25,7362.46,7256.98,128930724,180774916096.0,1.45,0.73,52.89,1.35
中证1000,852,2021-10-15,7321.58,7350.41,7374.34,7288.28,145334938,205628059648.0,1.17,0.11,8.16,1.52
中证1000,852,2021-10-18,7344.57,7429.63,7429.63,7322.7,144948204,210714460160.0,1.45,1.08,79.22,1.52
中证1000,852,2021-10-19,7420.48,7504.05,7506.09,7408.12,152408118,218453954560.0,1.32,1.0,74.42,1.6
中证1000,852,2021-10-20,7467.34,7523.56,7560.85,7456.81,155743734,233243185152.0,1.39,0.26,19.51,1.63
中证1000,852,2021-10-21,7520.93,7503.53,7548.82,7481.44,158742479,231495319552.0,0.9,-0.27,-20.03,1.66
中证1000,852,2021-10-22,7506.87,7438.48,7530.58,7436.14,167656957,234923339776.0,1.26,-0.87,-65.05,1.76
中证1000,852,2021-10-25,7438.43,7532.37,7532.37,7417.2,150472174,229352710144.0,1.55,1.26,93.89,1.58
中证1000,852,2021-10-26,7547.75,7508.69,7583.13,7492.39,161427464,247127097344.0,1.2,-0.31,-23.68,1.69
中证1000,852,2021-10-27,7490.69,7433.55,7501.54,7408.58,162086331,237450354688.0,1.24,-1.0,-75.14,1.7
中证1000,852,2021-10-28,7395.49,7267.85,7422.1,7253.11,165925079,245016891392.0,2.27,-2.23,-165.7,1.74
中证1000,852,2021-10-29,7276.51,7385.3,7385.41,7234.5,158534551,242992418816.0,2.08,1.62,117.45,1.66
中证1000,852,2021-11-01,7374.45,7455.61,7488.48,7357.67,172033252,261518594048.0,1.77,0.95,70.31,1.8
中证1000,852,2021-11-02,7462.13,7368.6,7501.96,7301.65,187513416,275960324096.0,2.69,-1.17,-87.01,1.96
中证1000,852,2021-11-03,7362.12,7385.2,7391.05,7312.25,145619008,217571921920.0,1.07,0.23,16.6,1.53
中证1000,852,2021-11-04,7402.66,7483.69,7483.69,7402.66,161717926,250815025152.0,1.1,1.33,98.49,1.69
中证1000,852,2021-11-05,7476.14,7389.59,7488.12,7388.2,181677565,263997505536.0,1.34,-1.26,-94.1,1.9
中证1000,852,2021-11-08,7376.71,7422.91,7423.01,7351.5,152051651,232399368192.0,0.97,0.45,33.32,1.59
中证1000,852,2021-11-09,7443.45,7531.96,7532.25,7435.51,155570245,238368108544.0,1.3,1.47,109.05,1.63
中证1000,852,2021-11-10,7516.0,7535.23,7535.24,7425.23,166809267,247966822400.0,1.46,0.04,3.27,1.75
中证1000,852,2021-11-11,7524.16,7593.73,7601.2,7515.71,171153193,251993407488.0,1.13,0.78,58.5,1.79
中证1000,852,2021-11-12,7593.45,7697.81,7705.05,7593.45,173746790,262031372288.0,1.47,1.37,104.08,1.82
中证1000,852,2021-11-15,7713.85,7676.48,7727.02,7653.71,189553649,282613805056.0,0.95,-0.28,-21.33,1.99
中证1000,852,2021-11-16,7659.02,7589.18,7691.65,7579.68,177013066,259612340224.0,1.46,-1.14,-87.3,1.85
中证1000,852,2021-11-17,7603.33,7725.09,7725.09,7603.33,174824289,252238405632.0,1.6,1.79,135.91,1.83
中证1000,852,2021-11-18,7724.03,7714.8,7765.74,7686.14,198504448,286034812928.0,1.03,-0.13,-10.29,2.08
中证1000,852,2021-11-19,7709.31,7803.76,7806.03,7705.84,188001126,276256497664.0,1.3,1.15,88.96,1.97
中证1000,852,2021-11-22,7822.96,7947.37,7948.02,7822.96,190400271,305323560960.0,1.6,1.84,143.61,1.99
中证1000,852,2021-11-23,7950.25,7941.56,7974.51,7933.2,193422044,303524167680.0,0.52,-0.07,-5.81,2.03
中证1000,852,2021-11-24,7939.59,7938.77,7971.44,7917.68,188605678,289619718144.0,0.68,-0.04,-2.79,1.98
中证1000,852,2021-11-25,7937.4,7925.76,7959.84,7919.66,175838157,273718378496.0,0.51,-0.16,-13.01,1.84
中证1000,852,2021-11-26,7912.89,7940.79,7954.79,7906.35,173916846,277650501632.0,0.61,0.19,15.03,1.82
中证1000,852,2021-11-29,7837.39,7999.83,7999.94,7828.92,176453409,289465061376.0,2.15,0.74,59.04,1.85
中证1000,852,2021-11-30,8037.26,8054.29,8082.9,7991.19,197562642,309404450816.0,1.15,0.68,54.46,2.07
中证1000,852,2021-12-01,8050.89,8055.82,8068.38,8000.81,189074931,288748400640.0,0.84,0.02,1.53,1.98
中证1000,852,2021-12-02,8045.73,7968.24,8046.25,7964.74,184672448,273790812160.0,1.01,-1.09,-87.58,1.93
中证1000,852,2021-12-03,7973.62,8023.96,8034.69,7952.37,179063017,265004142592.0,1.03,0.7,55.72,1.88
中证1000,852,2021-12-06,8018.46,7906.76,8029.83,7899.91,191520328,274404843520.0,1.62,-1.46,-117.2,2.01
中证1000,852,2021-12-07,7937.23,7781.44,7948.17,7713.92,182389996,272840126464.0,2.96,-1.58,-125.32,1.91
中证1000,852,2021-12-08,7806.38,7922.55,7922.55,7803.44,161307049,242658250752.0,1.53,1.81,141.11,1.69
中证1000,852,2021-12-09,7924.53,7931.76,7948.03,7903.68,181252221,261370675200.0,0.56,0.12,9.21,1.9
中证1000,852,2021-12-10,7898.64,7949.12,7964.35,7886.13,173465764,257041895424.0,0.99,0.22,17.36,1.82
中证1000,852,2021-12-13,7963.48,7984.9,8000.11,7936.62,189522058,274566340608.0,0.8,0.45,35.78,1.99
中证1000,852,2021-12-14,7969.6,7981.83,7997.18,7952.75,193212508,277460582400.0,0.56,-0.04,-3.07,2.02
中证1000,852,2021-12-15,7982.1,7955.58,8019.3,7942.94,200207035,277025955840.0,0.96,-0.33,-26.25,2.1
中证1000,852,2021-12-16,7966.5,8005.98,8005.98,7959.18,194865198,259653988352.0,0.59,0.63,50.4,2.04
中证1000,852,2021-12-17,7997.47,7894.1,7997.47,7894.1,202303675,264934150144.0,1.29,-1.4,-111.88,2.12
中证1000,852,2021-12-20,7873.67,7751.95,7920.65,7747.36,199008302,263220862976.0,2.2,-1.8,-142.15,2.08
中证1000,852,2021-12-21,7749.82,7849.03,7849.03,7749.82,191460577,226989096960.0,1.28,1.25,97.08,2.01
中证1000,852,2021-12-22,7868.3,7930.81,7943.24,7854.36,205942185,255276249088.0,1.13,1.04,81.78,2.16
中证1000,852,2021-12-23,7932.1,7932.66,7947.13,7892.89,202910623,267757756416.0,0.68,0.02,1.85,2.13
中证1000,852,2021-12-24,7940.38,7776.61,7940.43,7771.42,212132316,278501101568.0,2.13,-1.97,-156.05,2.22
中证1000,852,2021-12-27,7768.38,7776.43,7833.58,7739.29,175431928,232653037568.0,1.21,0.0,-0.18,1.84
中证1000,852,2021-12-28,7794.03,7863.53,7863.53,7783.1,170744599,237637914624.0,1.03,1.12,87.1,1.79
中证1000,852,2021-12-29,7858.94,7855.43,7886.71,7838.28,172273111,244249907200.0,0.62,-0.1,-8.1,1.8
中证1000,852,2021-12-30,7863.17,7924.53,7949.96,7861.54,178545905,250673283072.0,1.13,0.88,69.1,1.87
中证1000,852,2021-12-31,7946.94,8010.32,8016.4,7946.94,189602903,264776589312.0,0.88,1.08,85.79,1.99
中证1000,852,2022-01-04,8045.1,7983.07,8060.99,7948.91,225957706,309512978432.0,1.4,-0.34,-27.25,2.37
中证1000,852,2022-01-05,7968.74,7781.68,7968.92,7733.51,218791496,299531735040.0,2.95,-2.52,-201.39,2.29
中证1000,852,2022-01-06,7743.86,7844.52,7863.55,7721.78,192735027,259362889728.0,1.82,0.81,62.84,2.02
中证1000,852,2022-01-07,7841.13,7682.7,7867.49,7681.13,214441280,276004630528.0,2.38,-2.06,-161.82,2.25
中证1000,852,2022-01-10,7669.05,7734.19,7756.97,7624.93,183118474,243826237440.0,1.72,0.67,51.49,1.92
中证1000,852,2022-01-11,7734.54,7646.69,7768.74,7632.07,184256676,246010052608.0,1.77,-1.13,-87.5,1.93
中证1000,852,2022-01-12,7691.85,7779.52,7779.52,7682.55,179028769,249094029312.0,1.27,1.74,132.83,1.88
中证1000,852,2022-01-13,7781.31,7644.79,7781.31,7644.79,196718812,258476507136.0,1.75,-1.73,-134.73,2.06
中证1000,852,2022-01-14,7611.29,7675.37,7714.5,7590.19,195437286,258256240640.0,1.63,0.4,30.58,2.05
中证1000,852,2022-01-17,7687.71,7808.09,7815.66,7683.38,199048671,283638423552.0,1.72,1.73,132.72,2.09
中证1000,852,2022-01-18,7808.99,7758.6,7827.19,7743.72,221945152,298301902848.0,1.07,-0.63,-49.49,2.32
中证1000,852,2022-01-19,7728.16,7665.18,7745.81,7617.06,188170844,252520833024.0,1.66,-1.2,-93.42,1.97
中证1000,852,2022-01-20,7664.12,7492.61,7672.76,7488.86,199876175,262493949952.0,2.4,-2.25,-172.57,2.09
中证1000,852,2022-01-21,7474.76,7388.74,7493.02,7384.4,176628567,229180682240.0,1.45,-1.39,-103.87,1.85
中证1000,852,2022-01-24,7346.39,7425.4,7462.53,7333.0,154415826,208467435520.0,1.75,0.5,36.66,1.62
中证1000,852,2022-01-25,7398.76,7133.07,7440.55,7133.07,178576998,220574273536.0,4.14,-3.94,-292.33,1.87
中证1000,852,2022-01-26,7158.57,7171.03,7226.64,7071.47,143072476,177201524736.0,2.18,0.53,37.96,1.5
中证1000,852,2022-01-27,7178.54,6960.11,7191.48,6959.46,146786371,176645967872.0,3.24,-2.94,-210.92,1.54
中证1000,852,2022-01-28,6996.77,6973.01,7071.32,6861.47,138984343,170642747392.0,3.02,0.19,12.9,1.46
中证1000,852,2022-02-07,7080.61,7061.62,7102.42,7037.16,145506304,172407918592.0,0.94,1.27,88.61,1.52
中证1000,852,2022-02-08,7058.25,7080.62,7080.62,6928.9,160900403,181069631488.0,2.15,0.27,19.0,1.69
中证1000,852,2022-02-09,7083.43,7211.43,7212.75,7056.62,172399731,208591945728.0,2.21,1.85,130.81,1.81
中证1000,852,2022-02-10,7208.57,7175.62,7222.19,7126.07,165781455,197454786560.0,1.33,-0.5,-35.81,1.74
中证1000,852,2022-02-11,7140.93,7033.85,7151.24,7024.79,168615165,207661883392.0,1.76,-1.98,-141.77,1.77
中证1000,852,2022-02-14,6991.63,7006.08,7096.55,6961.3,147217812,177109078016.0,1.92,-0.39,-27.77,1.54
中证1000,852,2022-02-15,7020.13,7124.85,7125.1,6990.4,143297600,178296061952.0,1.92,1.7,118.77,1.5
中证1000,852,2022-02-16,7164.23,7183.11,7201.08,7132.08,147188972,181452902400.0,0.97,0.82,58.26,1.54
中证1000,852,2022-02-17,7169.72,7220.61,7265.03,7146.59,165944069,211816615936.0,1.65,0.52,37.5,1.74
中证1000,852,2022-02-18,7174.59,7251.79,7252.06,7164.27,156097027,187819462656.0,1.22,0.43,31.18,1.64
中证1000,852,2022-02-21,7264.44,7334.59,7334.91,7259.76,169847849,209089466368.0,1.04,1.14,82.8,1.78
中证1000,852,2022-02-22,7310.66,7279.24,7310.66,7212.27,179502633,228319653888.0,1.34,-0.75,-55.35,1.88
中证1000,852,2022-02-23,7290.7,7450.4,7450.4,7289.74,182730486,254406852608.0,2.21,2.35,171.16,1.91
中证1000,852,2022-02-24,7414.47,7285.12,7481.14,7174.78,255720586,330551054336.0,4.11,-2.22,-165.28,2.68
中证1000,852,2022-02-25,7346.85,7361.96,7435.4,7344.78,177757005,239033139200.0,1.24,1.05,76.84,1.86
中证1000,852,2022-02-28,7370.43,7419.83,7419.83,7291.08,167402030,227995525120.0,1.75,0.79,57.87,1.75
中证1000,852,2022-03-01,7433.75,7429.44,7454.9,7379.82,166187062,228666183680.0,1.01,0.13,9.61,1.74
中证1000,852,2022-03-02,7400.95,7414.31,7421.64,7341.83,160209920,209899646976.0,1.07,-0.2,-15.13,1.68
中证1000,852,2022-03-03,7440.94,7342.61,7446.47,7334.28,183181947,224684683264.0,1.51,-0.97,-71.7,1.92
中证1000,852,2022-03-04,7300.0,7241.56,7360.26,7219.64,178438418,219627323392.0,1.92,-1.38,-101.05,1.87
中证1000,852,2022-03-07,7230.81,7085.73,7230.81,7050.35,166051776,212810973184.0,2.49,-2.15,-155.83,1.74
中证1000,852,2022-03-08,7089.51,6871.22,7118.51,6824.03,191960627,242299629568.0,4.16,-3.03,-214.51,2.01
中证1000,852,2022-03-09,6889.51,6796.04,6925.55,6511.91,213261914,251456778240.0,6.02,-1.09,-75.18,2.23
中证1000,852,2022-03-10,6946.58,6952.52,7017.28,6914.89,185354470,239213379584.0,1.51,2.3,156.48,1.94
中证1000,852,2022-03-11,6856.87,6990.78,7001.6,6778.59,180993185,229253722112.0,3.21,0.55,38.26,1.9
中证1000,852,2022-03-14,6938.22,6800.59,6972.91,6800.59,162662118,209426538496.0,2.46,-2.72,-190.19,1.7
中证1000,852,2022-03-15,6745.6,6473.48,6790.24,6473.48,195750815,232508542976.0,4.66,-4.81,-327.11,2.05
中证1000,852,2022-03-16,6586.82,6692.97,6704.18,6330.41,197558968,246843416576.0,5.77,3.39,219.49,2.07
中证1000,852,2022-03-17,6777.74,6818.54,6934.49,6768.61,205054390,273063661568.0,2.48,1.88,125.57,2.15
中证1000,852,2022-03-18,6792.32,6879.37,6882.66,6773.46,173890404,209608679424.0,1.6,0.89,60.83,1.82
中证1000,852,2022-03-21,6886.03,6954.41,6983.52,6867.31,179428388,224493453312.0,1.69,1.09,75.04,1.88
中证1000,852,2022-03-22,6938.97,6923.44,6976.39,6893.65,178456271,214266470400.0,1.19,-0.45,-30.97,1.87
中证1000,852,2022-03-23,6938.51,6966.95,6989.72,6910.33,175942213,207033470976.0,1.15,0.63,43.51,1.84
中证1000,852,2022-03-24,6934.13,6900.81,6950.74,6847.17,175917865,208970256384.0,1.49,-0.95,-66.14,1.84
中证1000,852,2022-03-25,6906.68,6819.81,6939.87,6819.55,173818596,207338041344.0,1.74,-1.17,-81.0,1.82
中证1000,852,2022-03-28,6772.44,6767.25,6828.4,6692.91,168398610,191046713344.0,1.99,-0.77,-52.56,1.76
中证1000,852,2022-03-29,6785.38,6725.68,6808.88,6700.41,166201697,194872627200.0,1.6,-0.61,-41.57,1.74
中证1000,852,2022-03-30,6750.0,6864.75,6864.75,6734.07,171325804,196283756544.0,1.94,2.07,139.07,1.79
中证1000,852,2022-03-31,6846.33,6772.07,6846.33,6760.05,195679084,222112493568.0,1.26,-1.35,-92.68,2.05
中证1000,852,2022-04-01,6723.26,6772.6,6790.76,6688.7,171530586,189378818048.0,1.51,0.01,0.53,1.8
中证1000,852,2022-04-06,6769.74,6764.29,6769.74,6711.3,179932764,194867322880.0,0.86,-0.12,-8.31,1.88
中证1000,852,2022-04-07,6736.34,6623.59,6768.45,6623.59,188432684,200882262016.0,2.14,-2.08,-140.7,1.97
中证1000,852,2022-04-08,6635.69,6575.28,6644.76,6496.18,191574075,206608719872.0,2.24,-0.73,-48.31,2.01
中证1000,852,2022-04-11,6544.29,6328.07,6544.29,6297.39,204208292,213999656960.0,3.75,-3.76,-247.21,2.14
中证1000,852,2022-04-12,6314.22,6414.42,6414.5,6259.05,193676856,196890755072.0,2.46,1.36,86.35,2.03
中证1000,852,2022-04-13,6381.78,6286.25,6388.7,6286.25,184434051,189187911680.0,1.6,-2.0,-128.17,1.93
中证1000,852,2022-04-14,6313.1,6359.71,6388.56,6294.37,175754732,183660826624.0,1.5,1.17,73.46,1.84
中证1000,852,2022-04-15,6328.23,6275.07,6334.48,6229.41,190007521,200901914624.0,1.65,-1.33,-84.64,1.99
中证1000,852,2022-04-18,6233.42,6326.02,6339.11,6164.44,158964836,166723133440.0,2.78,0.81,50.95,1.67
中证1000,852,2022-04-19,6324.42,6345.79,6379.43,6304.25,150941627,166851629056.0,1.19,0.31,19.77,1.58
中证1000,852,2022-04-20,6347.8,6234.25,6351.64,6208.79,165357430,174579261440.0,2.25,-1.76,-111.54,1.73
中证1000,852,2022-04-21,6206.18,5981.38,6236.55,5966.03,173454907,177864921088.0,4.34,-4.06,-252.87,1.82
中证1000,852,2022-04-22,5937.39,5891.81,5965.41,5851.23,144729196,151155937280.0,1.91,-1.5,-89.57,1.52
中证1000,852,2022-04-25,5776.18,5431.61,5776.18,5431.61,183166674,174524592128.0,5.85,-7.81,-460.2,1.92
中证1000,852,2022-04-26,5432.61,5266.55,5483.03,5251.52,178323323,165807824896.0,4.26,-3.04,-165.06,1.87
中证1000,852,2022-04-27,5192.5,5540.72,5541.11,5164.75,192927270,184237858816.0,7.15,5.21,274.17,2.02
中证1000,852,2022-04-28,5501.52,5493.91,5578.62,5425.77,169714058,176020111360.0,2.76,-0.84,-46.81,1.78
中证1000,852,2022-04-29,5534.17,5734.49,5753.08,5517.72,186660549,194308132864.0,4.28,4.38,240.58,1.96
中证1000,852,2022-05-05,5723.18,5836.93,5884.38,5712.06,168932974,179484913664.0,3.0,1.79,102.44,1.77
中证1000,852,2022-05-06,5690.14,5764.69,5812.48,5665.93,154196362,153608753152.0,2.51,-1.24,-72.24,1.62
中证1000,852,2022-05-09,5749.9,5840.89,5857.71,5749.9,138943475,136636743680.0,1.87,1.32,76.2,1.46
中证1000,852,2022-05-10,5761.85,5950.67,5952.72,5746.72,169630054,175537618944.0,3.53,1.88,109.78,1.78
中证1000,852,2022-05-11,5959.79,6003.03,6147.86,5959.79,206311094,225487278080.0,3.16,0.88,52.36,2.16
中证1000,852,2022-05-12,5971.21,6034.57,6061.18,5964.83,166809920,171688075264.0,1.61,0.53,31.54,1.75
中证1000,852,2022-05-13,6059.0,6071.67,6079.16,6001.91,154708864,156378894336.0,1.28,0.61,37.1,1.62
中证1000,852,2022-05-16,6110.99,6082.88,6154.7,6057.32,158814938,162466414592.0,1.6,0.18,11.21,1.66
中证1000,852,2022-05-17,6079.3,6118.46,6120.84,6013.7,160980872,174362783744.0,1.76,0.58,35.58,1.69
中证1000,852,2022-05-18,6124.38,6127.8,6183.46,6103.63,151802570,164756082688.0,1.3,0.15,9.34,1.59
中证1000,852,2022-05-19,6032.73,6180.19,6180.19,6020.41,161512315,175297024000.0,2.61,0.85,52.39,1.69
中证1000,852,2022-05-20,6203.91,6263.44,6263.44,6176.13,167859418,187575881728.0,1.41,1.35,83.25,1.76
中证1000,852,2022-05-23,6284.6,6343.47,6345.0,6267.83,164866545,186473050112.0,1.23,1.28,80.03,1.73
中证1000,852,2022-05-24,6343.89,6081.64,6345.12,6081.64,198397601,221027385344.0,4.15,-4.13,-261.83,2.08
中证1000,852,2022-05-25,6079.94,6188.27,6188.27,6070.96,161353725,169986109440.0,1.93,1.75,106.63,1.69
中证1000,852,2022-05-26,6195.21,6227.1,6252.56,6095.75,168440236,175940575232.0,2.53,0.63,38.83,1.76
中证1000,852,2022-05-27,6252.36,6210.09,6283.72,6157.81,170565783,177212698624.0,2.02,-0.27,-17.01,1.79
中证1000,852,2022-05-30,6231.64,6282.36,6282.36,6171.74,159200760,169965801472.0,1.78,1.16,72.27,1.67
中证1000,852,2022-05-31,6283.16,6353.35,6356.55,6224.61,173551181,194983645184.0,2.1,1.13,70.99,1.82
中证1000,852,2022-06-01,6332.39,6373.32,6398.35,6316.58,172991852,189585195008.0,1.29,0.31,19.97,1.81
中证1000,852,2022-06-02,6349.56,6442.93,6449.97,6329.07,164947433,190173331456.0,1.9,1.09,69.61,1.73
中证1000,852,2022-06-06,6449.55,6604.98,6612.8,6449.24,183176282,236744949760.0,2.54,2.52,162.05,1.92
中证1000,852,2022-06-07,6613.17,6597.83,6631.32,6539.71,187679373,226233069568.0,1.39,-0.11,-7.15,1.97
中证1000,852,2022-06-08,6594.92,6608.89,6660.09,6474.23,196322414,235551928320.0,2.82,0.17,11.06,2.06
中证1000,852,2022-06-09,6591.92,6490.38,6591.92,6453.65,178041439,207132897280.0,2.09,-1.79,-118.51,1.87
中证1000,852,2022-06-10,6446.81,6627.75,6630.26,6438.8,176920937,216472764416.0,2.95,2.12,137.37,1.85
中证1000,852,2022-06-13,6582.69,6674.8,6683.91,6573.57,200857242,239249879040.0,1.66,0.71,47.05,2.1
中证1000,852,2022-06-14,6607.12,6665.25,6665.25,6460.43,207224046,237101199360.0,3.07,-0.14,-9.55,2.17
中证1000,852,2022-06-15,6671.05,6653.76,6759.38,6653.76,228596636,259960614912.0,1.58,-0.17,-11.49,2.39
中证1000,852,2022-06-16,6651.2,6696.76,6755.63,6651.2,204190710,233202110464.0,1.57,0.65,43.0,2.14
中证1000,852,2022-06-17,6652.54,6774.74,6782.49,6643.1,195544983,241013891072.0,2.08,1.16,77.98,2.05
中证1000,852,2022-06-20,6787.34,6848.75,6874.38,6783.62,202855378,261623250944.0,1.34,1.09,74.01,2.12
中证1000,852,2022-06-21,6849.73,6779.14,6854.92,6709.36,196105623,242436587520.0,2.13,-1.02,-69.61,2.05
中证1000,852,2022-06-22,6781.87,6691.81,6811.55,6688.39,179497157,219574890496.0,1.82,-1.29,-87.33,1.88
中证1000,852,2022-06-23,6694.25,6845.45,6845.45,6649.93,192680033,238813200384.0,2.92,2.3,153.64,2.02
中证1000,852,2022-06-24,6865.36,6931.65,6954.45,6862.46,199532052,260609802240.0,1.34,1.26,86.2,2.09
中证1000,852,2022-06-27,6968.13,7002.93,7012.12,6940.52,209258642,274018807808.0,1.03,1.03,71.28,2.19
中证1000,852,2022-06-28,7001.26,7079.72,7081.28,6956.3,214707144,272953954304.0,1.78,1.1,76.79,2.25
中证1000,852,2022-06-29,7061.79,6900.99,7075.52,6900.99,229280026,291483504640.0,2.47,-2.52,-178.73,2.4
中证1000,852,2022-06-30,6909.74,6995.53,7032.67,6909.74,192461609,250604924928.0,1.78,1.37,94.54,2.02
中证1000,852,2022-07-01,6999.68,6994.5,7039.85,6967.48,178054495,233832177664.0,1.03,-0.01,-1.03,1.87
中证1000,852,2022-07-04,6985.05,7076.32,7076.32,6928.4,181180357,252318363648.0,2.11,1.17,81.82,1.9
中证1000,852,2022-07-05,7081.9,7036.0,7098.57,6950.24,204398610,264570261504.0,2.1,-0.57,-40.32,2.14
中证1000,852,2022-07-06,7014.45,6953.98,7041.87,6890.93,182114586,238627647488.0,2.15,-1.17,-82.02,1.91
中证1000,852,2022-07-07,6955.53,7041.87,7053.45,6910.09,170304243,228172328960.0,2.06,1.26,87.89,1.78
中证1000,852,2022-07-08,7067.03,7000.79,7084.9,6990.74,174515689,229822926848.0,1.34,-0.58,-41.08,1.83
中证1000,852,2022-07-11,6976.1,6893.63,6976.1,6830.47,174549463,222946717696.0,2.08,-1.53,-107.16,1.83
中证1000,852,2022-07-12,6891.58,6779.56,6911.8,6779.56,168057200,210812628177.3,1.92,-1.65,-114.07,1.76
中证1000,852,2022-07-13,6780.61,6834.9,6855.07,6737.88,167268153,203183722359.7,1.73,0.82,55.34,1.75
中证1000,852,2022-07-14,6823.09,6920.87,6954.91,6809.1,184064915,236000197167.8,2.13,1.26,85.97,1.93
中证1000,852,2022-07-15,6889.81,6852.82,6966.04,6852.82,198625735,249001066013.0,1.64,-0.98,-68.05,2.08
中证1000,852,2022-07-18,6868.3,6953.93,6953.93,6839.13,182047985,234953104950.2,1.68,1.48,101.11,1.91
中证1000,852,2022-07-19,6956.86,7009.32,7033.25,6932.74,182240492,235415924701.9,1.45,0.8,55.39,1.91
中证1000,852,2022-07-20,7028.79,7110.1,7110.1,7019.51,181533719,241532114467.3,1.29,1.44,100.78,1.9
中证1000,852,2022-07-21,7098.27,7075.29,7134.22,7067.15,196769740,260583934969.9,0.94,-0.49,-34.81,2.06
中证1000,852,2022-07-22,7081.56,7034.6,7124.3,6969.43,173030973,221488794666.4,2.19,-0.58,-40.69,1.81
中证1000,852,2022-07-25,7037.76,6948.91,7068.34,6933.82,162390844,210550924686.3,1.91,-1.22,-85.69,1.7
中证1000,852,2022-07-26,6949.19,7027.42,7031.11,6901.93,147218445,194799480701.9,1.86,1.13,78.51,1.54
中证1000,852,2022-07-27,7018.22,7099.43,7109.54,7005.07,152269128,206541488861.1,1.49,1.02,72.01,1.6
中证1000,852,2022-07-28,7138.32,7150.2,7196.73,7112.74,180354305,241095066353.2,1.18,0.72,50.77,1.89
中证1000,852,2022-07-29,7152.33,7117.43,7179.47,7105.33,176841179,231274234716.1,1.04,-0.46,-32.77,1.85
中证1000,852,2022-08-01,7100.71,7180.45,7180.45,7055.61,162803032,228160015439.3,1.75,0.89,63.02,1.71
中证1000,852,2022-08-02,7098.18,6957.98,7098.18,6872.75,223088287,279667759204.9,3.14,-3.1,-222.47,2.34
中证1000,852,2022-08-03,6968.29,6916.67,7079.85,6893.52,199046301,267708334073.9,2.68,-0.59,-41.31,2.09
中证1000,852,2022-08-04,6953.98,6960.31,6977.39,6853.7,157896065,210363578736.7,1.79,0.63,43.64,1.65
中证1000,852,2022-08-05,6975.89,7090.0,7096.43,6961.65,170848496,239898855818.0,1.94,1.86,129.69,1.79
中证1000,852,2022-08-08,7082.54,7176.11,7176.48,7062.37,158561305,232418782735.5,1.61,1.21,86.11,1.66
中证1000,852,2022-08-09,7168.96,7207.4,7207.4,7131.34,162912878,235299436684.7,1.06,0.44,31.29,1.71
中证1000,852,2022-08-10,7183.18,7212.08,7231.43,7169.88,159636618,233901774523.7,0.85,0.06,4.68,1.67
中证1000,852,2022-08-11,7241.73,7294.49,7295.89,7212.4,179506207,248429232286.3,1.16,1.14,82.41,1.88
中证1000,852,2022-08-12,7287.65,7228.83,7311.89,7228.34,181288905,235585532128.7,1.15,-0.9,-65.66,1.9
中证1000,852,2022-08-15,7218.09,7283.5,7296.34,7215.2,169082597,224364656908.2,1.12,0.76,54.67,1.77
中证1000,852,2022-08-16,7290.24,7324.62,7356.11,7280.92,183674820,241350466890.4,1.03,0.56,41.12,1.92
中证1000,852,2022-08-17,7330.48,7328.67,7342.7,7280.57,183612140,245094600753.4,0.85,0.06,4.05,1.92
中证1000,852,2022-08-18,7315.41,7351.44,7358.71,7298.93,176377692,242504373692.6,0.82,0.31,22.77,1.85
中证1000,852,2022-08-19,7353.43,7234.41,7369.73,7234.41,190774466,256614238593.5,1.84,-1.59,-117.03,2.0
中证1000,852,2022-08-22,7214.48,7288.58,7289.31,7170.2,172667603,232384012725.9,1.65,0.75,54.17,1.81
中证1000,852,2022-08-23,7275.38,7306.02,7310.13,7267.79,171067069,228827949562.1,0.58,0.24,17.44,1.79
中证1000,852,2022-08-24,7312.55,7039.41,7315.1,7029.88,207521602,261715052645.5,3.9,-3.65,-266.61,2.17
中证1000,852,2022-08-25,7065.34,7016.31,7080.73,6930.84,174351312,214927185144.0,2.13,-0.33,-23.1,1.83
中证1000,852,2022-08-26,7032.66,6980.18,7103.83,6966.07,161725036,208825351114.9,1.96,-0.51,-36.13,1.69
中证1000,852,2022-08-29,6884.73,7021.31,7022.79,6858.43,153571445,190249844424.1,2.35,0.59,41.13,1.61
中证1000,852,2022-08-30,7018.72,6976.72,7025.46,6943.14,153832925,190519769579.9,1.17,-0.64,-44.59,1.61
中证1000,852,2022-08-31,6954.51,6750.74,6966.99,6738.52,166559930,208164754908.9,3.27,-3.24,-225.98,1.74
中证1000,852,2022-09-01,6757.01,6717.1,6819.62,6698.84,136821290,167515966847.7,1.79,-0.5,-33.64,1.43
中证1000,852,2022-09-02,6731.67,6776.83,6801.35,6695.1,128555383,162328853041.8,1.58,0.89,59.73,1.35
中证1000,852,2022-09-05,6774.19,6791.09,6831.22,6739.14,131911039,161721445331.8,1.36,0.21,14.26,1.38
中证1000,852,2022-09-06,6808.87,6919.65,6919.65,6780.44,144344325,183761283707.7,2.05,1.89,128.56,1.51
中证1000,852,2022-09-07,6894.71,6963.52,6989.75,6882.59,142998350,186886081899.0,1.55,0.63,43.87,1.5
中证1000,852,2022-09-08,6965.56,6897.1,6975.13,6889.86,133014603,165823754363.4,1.22,-0.95,-66.42,1.39
中证1000,852,2022-09-09,6908.71,6913.58,6918.2,6848.27,130940777,158316315505.3,1.01,0.24,16.48,1.37
中证1000,852,2022-09-13,6935.59,6904.08,6957.35,6886.36,125982583,156495592935.9,1.03,-0.14,-9.5,1.32
中证1000,852,2022-09-14,6800.93,6829.56,6851.09,6783.19,121309407,150215220640.2,0.98,-1.08,-74.52,1.27
中证1000,852,2022-09-15,6859.25,6619.19,6866.55,6543.2,160634562,196010799836.3,4.73,-3.08,-210.37,1.68
中证1000,852,2022-09-16,6599.27,6481.24,6632.56,6480.1,135704169,160257556465.5,2.3,-2.08,-137.95,1.42
中证1000,852,2022-09-19,6468.39,6399.8,6504.75,6364.07,107934181,130349058199.2,2.17,-1.26,-81.44,1.13
中证1000,852,2022-09-20,6441.1,6482.13,6536.42,6436.76,99898034,126916550647.2,1.56,1.29,82.33,1.05
中证1000,852,2022-09-21,6461.25,6480.6,6506.06,6378.63,105600093,122346817424.4,1.97,-0.02,-1.53,1.11
中证1000,852,2022-09-22,6438.29,6487.27,6554.3,6429.5,105146988,129139062115.5,1.93,0.1,6.67,1.1
中证1000,852,2022-09-23,6486.79,6363.68,6504.03,6306.96,111965685,136013846997.8,3.04,-1.91,-123.59,1.17
中证1000,852,2022-09-26,6318.3,6283.59,6404.01,6274.34,110453493,129054876614.4,2.04,-1.26,-80.09,1.16
中证1000,852,2022-09-27,6302.89,6409.78,6409.78,6287.77,106033494,133034781237.8,1.94,2.01,126.19,1.11
中证1000,852,2022-09-28,6397.84,6211.11,6401.84,6211.11,104960077,128903902412.1,2.98,-3.1,-198.67,1.1
中证1000,852,2022-09-29,6270.91,6228.78,6307.78,6192.77,105730744,127446447138.7,1.85,0.28,17.67,1.11
中证1000,852,2022-09-30,6221.83,6124.86,6241.96,6123.99,92564600,113064814085.7,1.89,-1.67,-103.92,0.97
中证1000,852,2022-10-10,6136.71,5984.5,6154.06,5964.62,102448137,122828919867.1,3.09,-2.29,-140.36,1.07
中证1000,852,2022-10-11,5994.76,6017.72,6044.28,5939.07,94238001,111536274573.7,1.76,0.56,33.22,0.99
中证1000,852,2022-10-12,6017.67,6192.65,6192.65,5918.02,120053053,146042371698.1,4.56,2.91,174.93,1.26
中证1000,852,2022-10-13,6162.71,6252.22,6311.51,6146.4,128700906,157054880040.1,2.67,0.96,59.57,1.35
中证1000,852,2022-10-14,6296.35,6406.46,6427.47,6286.67,141802026,181411953828.9,2.25,2.47,154.24,1.49
中证1000,852,2022-10-17,6380.21,6472.45,6476.4,6370.15,132444628,171128918405.8,1.66,1.03,65.99,1.39
中证1000,852,2022-10-18,6490.6,6508.5,6551.8,6447.78,129920946,172917916317.8,1.61,0.56,36.05,1.36
中证1000,852,2022-10-19,6492.6,6461.15,6533.57,6460.7,124647381,165890298124.8,1.12,-0.73,-47.35,1.31
中证1000,852,2022-10-20,6431.99,6429.7,6525.8,6342.15,133524986,176048476245.5,2.84,-0.49,-31.45,1.4
中证1000,852,2022-10-21,6433.33,6432.33,6469.09,6387.77,119879781,151129742814.5,1.26,0.04,2.63,1.26
中证1000,852,2022-10-24,6448.87,6378.43,6554.37,6335.07,141357126,180064469820.1,3.41,-0.84,-53.9,1.48
中证1000,852,2022-10-25,6346.15,6355.78,6411.17,6248.84,129321410,165200236897.8,2.54,-0.36,-22.65,1.35
中证1000,852,2022-10-26,6358.06,6491.69,6548.62,6348.99,150663892,200200044240.9,3.14,2.14,135.91,1.58
中证1000,852,2022-10-27,6497.52,6461.61,6544.42,6459.92,146773822,196363432004.9,1.3,-0.46,-30.08,1.54
中证1000,852,2022-10-28,6412.61,6239.93,6446.6,6216.27,156120495,197514525527.8,3.56,-3.43,-221.68,1.64
中证1000,852,2022-10-31,6201.75,6292.62,6349.12,6201.28,145874788,187134463252.3,2.37,0.84,52.69,1.53
中证1000,852,2022-11-01,6299.03,6439.82,6440.92,6277.62,152262990,199551407228.6,2.6,2.34,147.2,1.6
中证1000,852,2022-11-02,6434.95,6524.51,6557.01,6424.66,162568563,216303778309.9,2.06,1.32,84.69,1.7
中证1000,852,2022-11-03,6467.23,6566.84,6576.37,6461.3,141513704,199422978711.4,1.76,0.65,42.33,1.48
中证1000,852,2022-11-04,6569.19,6709.64,6719.51,6568.78,165062434,230118260588.3,2.3,2.17,142.8,1.73
中证1000,852,2022-11-07,6713.73,6713.64,6749.76,6660.98,160254947,220210872290.0,1.32,0.06,4.0,1.68
中证1000,852,2022-11-08,6707.01,6694.96,6708.08,6647.44,135471787,180763670672.5,0.9,-0.28,-18.68,1.42
中证1000,852,2022-11-09,6694.4,6676.01,6736.67,6664.37,126564565,164404506999.3,1.08,-0.28,-18.95,1.33
中证1000,852,2022-11-10,6638.52,6603.31,6663.11,6583.86,142137645,183303850089.5,1.19,-1.09,-72.7,1.49
中证1000,852,2022-11-11,6749.07,6643.48,6776.74,6641.76,191648966,237140698560.2,2.04,0.61,40.17,2.01
中证1000,852,2022-11-14,6639.02,6599.67,6688.01,6570.49,174303985,212896585325.6,1.77,-0.66,-43.81,1.83
中证1000,852,2022-11-15,6593.63,6752.51,6752.51,6576.87,170939160,221716230403.5,2.66,2.32,152.84,1.79
中证1000,852,2022-11-16,6749.96,6702.04,6775.38,6687.32,155021163,195240529664.7,1.3,-0.75,-50.47,1.62
中证1000,852,2022-11-17,6685.94,6714.5,6714.5,6629.9,159191253,198847162647.5,1.26,0.19,12.46,1.67
中证1000,852,2022-11-18,6711.89,6658.4,6752.84,6650.74,168105221,215157473530.9,1.52,-0.84,-56.1,1.76
中证1000,852,2022-11-21,6622.6,6689.33,6689.33,6585.28,137155265,179567680622.8,1.56,0.46,30.93,1.44
中证1000,852,2022-11-22,6682.05,6583.23,6692.24,6556.34,150853226,191781768773.5,2.03,-1.59,-106.1,1.58
中证1000,852,2022-11-23,6572.16,6567.99,6592.3,6451.96,144366228,179521416697.2,2.13,-0.23,-15.24,1.51
中证1000,852,2022-11-24,6573.47,6586.86,6611.8,6553.96,126197332,159909378876.6,0.88,0.29,18.87,1.32
中证1000,852,2022-11-25,6573.02,6512.16,6573.02,6508.52,124579396,149034248952.4,0.98,-1.13,-74.7,1.31
中证1000,852,2022-11-28,6426.93,6492.71,6494.98,6412.03,129881780,152031616662.1,1.27,-0.3,-19.45,1.36
中证1000,852,2022-11-29,6505.9,6594.32,6607.46,6505.9,157448301,180031860496.5,1.56,1.56,101.61,1.65
中证1000,852,2022-11-30,6591.68,6590.31,6619.27,6561.27,155403136,178510447618.4,0.88,-0.06,-4.01,1.63
中证1000,852,2022-12-01,6645.47,6658.43,6691.51,6639.63,162150678,199785991939.8,0.79,1.03,68.12,1.7
中证1000,852,2022-12-02,6644.44,6680.54,6721.69,6637.16,149424028,179613917631.1,1.27,0.33,22.11,1.57
中证1000,852,2022-12-05,6710.73,6714.37,6723.57,6675.6,178915025,206225540021.1,0.72,0.51,33.83,1.87
中证1000,852,2022-12-06,6690.92,6703.55,6731.07,6667.0,154810114,191497741686.1,0.95,-0.16,-10.82,1.62
中证1000,852,2022-12-07,6684.61,6705.29,6732.26,6677.52,155989281,188674730727.4,0.82,0.03,1.74,1.63
中证1000,852,2022-12-08,6694.84,6662.34,6699.3,6648.35,148611632,176772060301.4,0.76,-0.64,-42.95,1.56
中证1000,852,2022-12-09,6661.9,6680.38,6684.15,6626.94,160349164,201813642791.2,0.86,0.27,18.04,1.68
中证1000,852,2022-12-12,6669.17,6655.67,6680.61,6626.87,153653068,186669163108.8,0.8,-0.37,-24.71,1.61
中证1000,852,2022-12-13,6654.67,6593.67,6654.75,6586.87,149692723,176834414923.0,1.02,-0.93,-62.0,1.57
中证1000,852,2022-12-14,6600.41,6570.02,6626.7,6556.81,139664931,167786593317.7,1.06,-0.36,-23.65,1.46
中证1000,852,2022-12-15,6557.9,6597.55,6605.7,6545.0,128850544,160225836004.7,0.92,0.42,27.53,1.35
中证1000,852,2022-12-16,6569.06,6519.44,6581.93,6504.05,134434849,161172961055.7,1.18,-1.18,-78.11,1.41
中证1000,852,2022-12-19,6518.38,6390.77,6537.14,6367.45,135485972,156179605225.0,2.6,-1.97,-128.67,1.42
中证1000,852,2022-12-20,6380.22,6341.58,6389.05,6321.14,110008606,131077432572.4,1.06,-0.77,-49.19,1.15
中证1000,852,2022-12-21,6341.22,6289.14,6344.66,6255.35,102729735,122909095334.9,1.41,-0.83,-52.44,1.08
中证1000,852,2022-12-22,6314.55,6186.93,6319.57,6171.18,113245456,131875231616.7,2.36,-1.63,-102.21,1.19
中证1000,852,2022-12-23,6154.66,6160.75,6197.24,6120.94,97094729,116283463648.4,1.23,-0.42,-26.18,1.02
中证1000,852,2022-12-26,6161.94,6275.52,6276.11,6161.94,100031210,125237422919.1,1.85,1.86,114.77,1.05
中证1000,852,2022-12-27,6288.61,6325.63,6328.36,6256.04,109270500,136753468429.1,1.15,0.8,50.11,1.14
中证1000,852,2022-12-28,6304.59,6268.47,6306.95,6251.3,105263874,125061546620.9,0.88,-0.9,-57.16,1.1
中证1000,852,2022-12-29,6253.79,6261.83,6322.25,6245.23,102382211,121083655952.7,1.23,-0.11,-6.64,1.07
中证1000,852,2022-12-30,6283.5,6281.62,6296.24,6262.6,97146496,116528198886.6,0.54,0.32,19.79,1.02
中证1000,852,2023-01-03,6286.81,6423.7,6433.79,6275.69,133181680,160707712589.0,2.52,2.26,142.08,1.4
中证1000,852,2023-01-04,6423.43,6421.28,6445.62,6385.0,131040093,156632578040.3,0.94,-0.04,-2.42,1.37
中证1000,852,2023-01-05,6427.45,6485.47,6489.99,6413.75,121661526,155822047721.1,1.19,1.0,64.19,1.27
中证1000,852,2023-01-06,6482.88,6500.32,6539.76,6478.63,129383997,165796221277.1,0.94,0.23,14.85,1.36
中证1000,852,2023-01-09,6523.14,6535.75,6559.46,6517.57,122047871,162944069605.7,0.64,0.55,35.43,1.28
中证1000,852,2023-01-10,6541.82,6540.2,6546.54,6505.1,111628121,146634283725.9,0.63,0.07,4.45,1.17
中证1000,852,2023-01-11,6544.57,6486.9,6562.35,6480.95,112882942,147472868624.7,1.24,-0.81,-53.3,1.18
中证1000,852,2023-01-12,6495.16,6489.57,6529.81,6469.48,104937470,134846593005.3,0.93,0.04,2.67,1.1
中证1000,852,2023-01-13,6505.24,6517.51,6517.51,6475.66,110761936,138907307000.4,0.64,0.43,27.94,1.16
中证1000,852,2023-01-16,6521.45,6591.81,6628.73,6521.45,141070888,175416637498.1,1.65,1.14,74.3,1.48
中证1000,852,2023-01-17,6600.25,6597.49,6622.32,6573.28,108421111,139660962013.5,0.74,0.09,5.68,1.14
中证1000,852,2023-01-18,6613.74,6613.01,6635.85,6593.37,105834674,125976031143.1,0.64,0.24,15.52,1.11
中证1000,852,2023-01-19,6605.45,6676.08,6678.18,6590.42,107589560,135675334823.2,1.33,0.95,63.07,1.13
中证1000,852,2023-01-20,6690.14,6736.85,6740.13,6690.14,122762682,154872288667.4,0.75,0.91,60.77,1.29
中证1000,852,2023-01-30,6815.14,6786.45,6839.84,6780.37,170769332,211140043941.4,0.88,0.74,49.6,1.79
中证1000,852,2023-01-31,6763.4,6805.28,6820.14,6758.9,147712346,180790076274.9,0.9,0.28,18.83,1.55
中证1000,852,2023-02-01,6815.06,6916.72,6916.73,6812.79,169651661,208871365597.3,1.53,1.64,111.44,1.78
中证1000,852,2023-02-02,6926.58,6933.23,6969.79,6908.7,167133986,212328053407.1,0.88,0.24,16.51,1.75
中证1000,852,2023-02-03,6922.79,6925.08,6934.32,6829.4,157558880,194152771393.4,1.51,-0.12,-8.15,1.65
中证1000,852,2023-02-06,6902.49,6891.41,6928.28,6853.91,146059027,182865349058.4,1.07,-0.49,-33.67,1.53
中证1000,852,2023-02-07,6900.23,6924.32,6924.42,6864.21,150108752,187069724944.1,0.87,0.48,32.91,1.57
中证1000,852,2023-02-08,6927.33,6877.72,6932.99,6873.6,138510731,173815150504.9,0.86,-0.67,-46.6,1.45
中证1000,852,2023-02-09,6864.03,6999.18,6999.18,6850.57,149147697,194994550267.4,2.16,1.77,121.46,1.56
中证1000,852,2023-02-10,6991.23,6975.39,7015.25,6926.48,152432051,189923379511.1,1.27,-0.34,-23.79,1.6
中证1000,852,2023-02-13,6976.33,7052.18,7052.6,6973.41,160848480,207706779975.4,1.14,1.1,76.79,1.68
中证1000,852,2023-02-14,7064.53,7061.45,7070.33,7028.79,151786438,199029649600.4,0.59,0.13,9.27,1.59
中证1000,852,2023-02-15,7062.36,7063.6,7076.87,7038.99,159779328,207038398259.6,0.54,0.03,2.15,1.67
中证1000,852,2023-02-16,7063.93,6925.2,7098.92,6878.35,217381617,263155308269.9,3.12,-1.96,-138.4,2.28
中证1000,852,2023-02-17,6931.99,6868.55,6954.85,6861.3,172656902,203845829244.8,1.35,-0.82,-56.65,1.81
中证1000,852,2023-02-20,6871.86,6959.36,6959.75,6825.87,165614379,196438661978.3,1.95,1.32,90.81,1.73
中证1000,852,2023-02-21,6969.35,6990.48,7008.55,6939.59,171690946,203386321239.5,0.99,0.45,31.12,1.8
中证1000,852,2023-02-22,6961.15,6998.43,7014.56,6947.12,144601016,175966912644.5,0.96,0.11,7.95,1.51
中证1000,852,2023-02-23,6997.78,6966.79,7008.68,6929.61,141862467,172438837844.8,1.13,-0.45,-31.64,1.49
中证1000,852,2023-02-24,6971.65,6944.82,6983.16,6906.69,121078826,151978026582.4,1.1,-0.32,-21.97,1.27
中证1000,852,2023-02-27,6928.03,6894.3,6950.88,6876.25,129300939,162346177198.5,1.07,-0.73,-50.52,1.35
中证1000,852,2023-02-28,6911.36,6955.57,6955.57,6874.93,131036025,164461396666.4,1.17,0.89,61.27,1.37
中证1000,852,2023-03-01,6955.48,7002.77,7002.77,6932.76,155908555,194162937428.7,1.01,0.68,47.2,1.63
中证1000,852,2023-03-02,6999.23,6972.31,7021.11,6963.06,166505708,202422136341.8,0.83,-0.43,-30.46,1.74
中证1000,852,2023-03-03,6970.21,6967.94,6997.42,6921.27,154598247,184879618934.5,1.09,-0.06,-4.37,1.62
中证1000,852,2023-03-06,6973.52,6997.04,7004.71,6933.99,150317134,194154258047.9,1.01,0.42,29.1,1.57
中证1000,852,2023-03-07,6991.56,6855.34,6993.18,6855.34,159757780,189478401770.3,1.97,-2.03,-141.7,1.67
中证1000,852,2023-03-08,6838.63,6891.46,6894.36,6832.04,121280600,152705779612.0,0.91,0.53,36.12,1.27
中证1000,852,2023-03-09,6898.24,6892.86,6911.54,6851.91,126671261,155909335205.2,0.87,0.02,1.4,1.33
中证1000,852,2023-03-10,6854.41,6798.3,6864.94,6795.22,140338591,170506323947.6,1.01,-1.37,-94.56,1.47
中证1000,852,2023-03-13,6780.02,6832.62,6832.62,6750.22,141191187,176170851055.0,1.21,0.5,34.32,1.48
中证1000,852,2023-03-14,6824.25,6769.85,6824.25,6690.09,156336435,197124650947.3,1.96,-0.92,-62.77,1.64
中证1000,852,2023-03-15,6797.82,6803.47,6844.97,6794.41,139147010,171749343248.6,0.75,0.5,33.62,1.46
中证1000,852,2023-03-16,6769.61,6689.78,6777.91,6677.68,141881845,175508119056.3,1.47,-1.67,-113.69,1.49
中证1000,852,2023-03-17,6726.96,6736.37,6781.95,6717.14,161535345,204155942106.6,0.97,0.7,46.59,1.69
中证1000,852,2023-03-20,6745.95,6721.45,6760.91,6694.52,175313441,230174336044.6,0.99,-0.22,-14.92,1.84
中证1000,852,2023-03-21,6726.8,6809.39,6810.29,6725.83,146584935,195253243661.6,1.26,1.31,87.94,1.54
中证1000,852,2023-03-22,6830.19,6840.33,6845.76,6810.76,160318267,211699058082.5,0.51,0.45,30.94,1.68
中证1000,852,2023-03-23,6827.68,6868.83,6869.18,6809.85,165448056,224978318720.2,0.87,0.42,28.5,1.73
中证1000,852,2023-03-24,6874.54,6867.95,6880.19,6840.75,181680229,240207097974.5,0.57,-0.01,-0.88,1.9
中证1000,852,2023-03-27,6874.39,6886.69,6900.63,6830.95,195064403,270611684185.5,1.01,0.27,18.74,2.04
中证1000,852,2023-03-28,6881.11,6825.38,6884.54,6816.45,170468837,236725308502.2,0.99,-0.89,-61.31,1.79
中证1000,852,2023-03-29,6825.13,6806.28,6839.9,6785.15,160806595,220165772651.1,0.8,-0.28,-19.1,1.68
中证1000,852,2023-03-30,6802.07,6807.64,6814.69,6751.69,146175756,195037119351.5,0.93,0.02,1.36,1.53
中证1000,852,2023-03-31,6806.61,6875.81,6878.32,6801.94,151581950,202602542866.0,1.12,1.0,68.17,1.59
中证1000,852,2023-04-03,6878.09,6962.2,6966.69,6878.09,194554477,274916847266.7,1.29,1.26,86.39,2.04
中证1000,852,2023-04-04,6960.91,6953.36,6966.99,6918.13,213211962,306141970189.2,0.7,-0.13,-8.84,2.23
中证1000,852,2023-04-06,6926.19,6983.03,6988.37,6921.66,191009494,281226984709.7,0.96,0.43,29.67,2.0
中证1000,852,2023-04-07,6987.01,7042.89,7043.22,6978.35,167437320,242608190860.4,0.93,0.86,59.86,1.75
中证1000,852,2023-04-10,7050.24,6968.57,7052.74,6950.77,181007868,265199179441.1,1.45,-1.06,-74.32,1.9
中证1000,852,2023-04-11,6967.03,6984.14,6986.44,6937.02,162793965,228357143486.7,0.71,0.22,15.57,1.71
中证1000,852,2023-04-12,6989.69,7021.02,7027.84,6979.28,180300938,252639249640.4,0.7,0.53,36.88,1.89
中证1000,852,2023-04-13,7011.66,6966.82,7029.1,6956.68,182936746,253331499905.9,1.03,-0.77,-54.2,1.92
中证1000,852,2023-04-14,6978.59,7020.09,7026.12,6942.57,174751802,249159555578.9,1.2,0.76,53.27,1.83
中证1000,852,2023-04-17,7009.47,7012.77,7030.24,6989.7,173463101,235338063547.9,0.58,-0.1,-7.32,1.82
中证1000,852,2023-04-18,7002.26,6997.07,7014.38,6961.51,160278095,221281575130.0,0.75,-0.22,-15.7,1.68
中证1000,852,2023-04-19,6988.65,6965.58,7011.93,6955.36,168968117,237689578666.4,0.81,-0.45,-31.49,1.77
中证1000,852,2023-04-20,6956.37,6963.9,6963.9,6911.98,174240785,249390407796.8,0.75,-0.02,-1.68,1.83
中证1000,852,2023-04-21,6954.1,6773.51,6963.08,6773.51,193177324,266671875897.9,2.72,-2.73,-190.39,2.02
中证1000,852,2023-04-24,6766.52,6725.27,6771.65,6692.22,172365639,233604520118.8,1.17,-0.71,-48.24,1.81
中证1000,852,2023-04-25,6708.28,6603.24,6711.57,6517.27,194399820,247485613389.7,2.89,-1.81,-122.03,2.04
中证1000,852,2023-04-26,6577.36,6624.4,6667.43,6573.88,184561745,254123867620.1,1.42,0.32,21.16,1.93
中证1000,852,2023-04-27,6597.73,6633.49,6672.22,6593.38,174202091,232047938559.9,1.19,0.14,9.09,1.82
中证1000,852,2023-04-28,6617.32,6723.3,6724.57,6617.32,189027616,241929257739.1,1.62,1.35,89.81,1.98
中证1000,852,2023-05-04,6701.49,6733.97,6738.44,6698.64,202137047,252755421973.5,0.59,0.16,10.67,2.12
中证1000,852,2023-05-05,6723.16,6653.65,6723.98,6612.74,185876962,232757192566.9,1.65,-1.19,-80.32,1.95
中证1000,852,2023-05-08,6660.92,6702.5,6714.39,6660.92,204204619,239780230242.1,0.8,0.73,48.85,2.14
中证1000,852,2023-05-09,6696.67,6611.64,6705.74,6610.57,217518238,256339239608.8,1.42,-1.36,-90.86,2.28
中证1000,852,2023-05-10,6599.79,6627.31,6648.04,6576.4,172301277,212227315487.5,1.08,0.24,15.67,1.8
中证1000,852,2023-05-11,6634.16,6622.52,6653.38,6618.19,155805155,192273319326.5,0.53,-0.07,-4.79,1.63
中证1000,852,2023-05-12,6608.83,6535.94,6630.56,6535.11,153329115,183608124248.6,1.44,-1.31,-86.58,1.61
中证1000,852,2023-05-15,6537.4,6585.91,6585.91,6466.45,161126819,191863235546.2,1.83,0.76,49.97,1.69
中证1000,852,2023-05-16,6586.72,6516.29,6586.72,6501.31,142434107,178199462179.2,1.3,-1.06,-69.62,1.49
中证1000,852,2023-05-17,6500.44,6554.98,6555.77,6497.38,125778063,156078814574.6,0.9,0.59,38.69,1.32
中证1000,852,2023-05-18,6557.37,6583.74,6595.49,6554.08,144368801,186333515794.6,0.63,0.44,28.76,1.51
中证1000,852,2023-05-19,6571.09,6602.32,6621.43,6545.08,135432989,179071786325.5,1.16,0.28,18.58,1.42
中证1000,852,2023-05-22,6589.35,6595.98,6608.88,6556.74,131198543,163204580648.0,0.79,-0.1,-6.34,1.37
中证1000,852,2023-05-23,6591.56,6528.45,6600.8,6528.45,128595517,158376852884.4,1.1,-1.02,-67.53,1.35
中证1000,852,2023-05-24,6507.06,6513.18,6564.51,6476.69,125855093,163476977070.1,1.35,-0.23,-15.27,1.32
中证1000,852,2023-05-25,6502.23,6501.0,6541.39,6424.45,135834643,175437754998.3,1.8,-0.19,-12.18,1.42
中证1000,852,2023-05-26,6495.35,6546.41,6558.11,6451.73,126275617,170164842111.0,1.64,0.7,45.41,1.32
中证1000,852,2023-05-29,6560.16,6534.12,6579.15,6518.03,152482657,204321522052.1,0.93,-0.19,-12.29,1.6
中证1000,852,2023-05-30,6517.71,6564.47,6565.48,6461.09,151317651,193152158102.5,1.6,0.46,30.35,1.59
中证1000,852,2023-05-31,6556.52,6561.65,6581.93,6523.27,142968364,197141081474.9,0.89,-0.04,-2.82,1.5
中证1000,852,2023-06-01,6539.26,6574.76,6616.53,6515.02,153962339,208776080194.4,1.55,0.2,13.11,1.61
中证1000,852,2023-06-02,6585.73,6626.28,6640.53,6585.73,149263604,198301484192.2,0.83,0.78,51.52,1.56
中证1000,852,2023-06-05,6631.22,6632.96,6647.2,6609.02,137150594,186650947904.2,0.58,0.1,6.68,1.44
中证1000,852,2023-06-06,6625.09,6489.81,6625.09,6475.26,151757959,198453126088.9,2.26,-2.16,-143.15,1.59
中证1000,852,2023-06-07,6487.2,6488.56,6517.32,6467.3,131404709,169239132087.3,0.77,-0.02,-1.25,1.38
中证1000,852,2023-06-08,6477.94,6442.48,6478.32,6399.78,135583070,172327155118.5,1.21,-0.71,-46.08,1.42
中证1000,852,2023-06-09,6446.62,6495.56,6500.45,6427.92,151977579,202023488654.4,1.13,0.82,53.08,1.59
中证1000,852,2023-06-12,6488.2,6530.16,6549.78,6474.86,145153220,197419702843.1,1.15,0.53,34.6,1.52
中证1000,852,2023-06-13,6525.05,6554.96,6561.02,6519.97,145636301,206066233138.3,0.63,0.38,24.8,1.53
中证1000,852,2023-06-14,6556.03,6578.12,6591.69,6547.49,149195931,212483094306.0,0.67,0.35,23.16,1.56
中证1000,852,2023-06-15,6579.46,6613.95,6618.62,6568.61,147955427,220050814755.8,0.76,0.54,35.83,1.55
中证1000,852,2023-06-16,6613.1,6669.01,6674.62,6602.04,155708689,223131327342.6,1.1,0.83,55.06,1.63
中证1000,852,2023-06-19,6674.12,6693.3,6707.23,6673.81,168025755,246819992645.0,0.5,0.36,24.29,1.76
中证1000,852,2023-06-20,6683.92,6693.91,6717.71,6671.99,158860653,240661461466.9,0.68,0.01,0.61,1.66
中证1000,852,2023-06-21,6679.15,6548.41,6681.57,6548.41,153983944,226296807530.6,1.99,-2.17,-145.5,1.61
中证1000,852,2023-06-26,6504.97,6420.97,6535.49,6404.04,154732688,209607215406.0,2.01,-1.95,-127.44,1.62
中证1000,852,2023-06-27,6425.84,6507.27,6518.98,6424.33,135607119,178812817549.4,1.47,1.34,86.3,1.42
中证1000,852,2023-06-28,6504.5,6475.51,6505.47,6367.35,145808385,192407496661.6,2.12,-0.49,-31.76,1.53
中证1000,852,2023-06-29,6465.1,6520.04,6542.28,6462.07,135252145,186518747502.9,1.24,0.69,44.53,1.42
中证1000,852,2023-06-30,6507.5,6602.04,6615.97,6500.86,144498924,203403995419.0,1.77,1.26,82.0,1.51
中证1000,852,2023-07-03,6617.08,6612.88,6640.34,6571.84,160977356,225625497659.9,1.04,0.16,10.84,1.69
中证1000,852,2023-07-04,6610.66,6638.45,6639.82,6599.6,139742795,203584274308.7,0.61,0.39,25.57,1.46
中证1000,852,2023-07-05,6632.37,6584.42,6642.55,6575.73,133052280,184778773163.2,1.01,-0.81,-54.03,1.39
中证1000,852,2023-07-06,6573.58,6567.08,6619.29,6558.89,124077268,173721970871.4,0.92,-0.26,-17.34,1.3
中证1000,852,2023-07-07,6553.56,6521.43,6558.11,6486.11,123599541,164996211438.8,1.1,-0.7,-45.65,1.29
中证1000,852,2023-07-10,6539.08,6526.85,6556.15,6501.75,120450936,158540731784.7,0.83,0.08,5.42,1.26
中证1000,852,2023-07-11,6531.63,6579.37,6579.37,6514.99,119603644,163273435604.7,0.99,0.8,52.52,1.25
中证1000,852,2023-07-12,6576.94,6482.99,6576.96,6476.85,140204471,187051032495.2,1.52,-1.46,-96.38,1.47
中证1000,852,2023-07-13,6497.81,6548.31,6553.6,6497.76,135117757,180915189196.4,0.86,1.01,65.32,1.42
中证1000,852,2023-07-14,6554.53,6544.46,6571.14,6538.65,135631971,188566810412.7,0.5,-0.06,-3.85,1.42
中证1000,852,2023-07-17,6524.61,6516.56,6525.19,6481.29,126408773,169117052479.3,0.67,-0.43,-27.9,1.32
中证1000,852,2023-07-18,6519.76,6510.03,6537.91,6490.06,119968653,159965850726.5,0.73,-0.1,-6.53,1.26
中证1000,852,2023-07-19,6508.52,6492.35,6530.54,6459.44,109136335,141853309418.7,1.09,-0.27,-17.68,1.14
中证1000,852,2023-07-20,6497.78,6408.76,6512.45,6404.12,122150962,155152822235.9,1.67,-1.29,-83.59,1.28
中证1000,852,2023-07-21,6397.15,6401.42,6447.3,6378.2,113590849,138788097492.4,1.08,-0.11,-7.34,1.19
中证1000,852,2023-07-24,6397.43,6393.79,6437.99,6370.05,109049465,129838947141.0,1.06,-0.12,-7.63,1.14
中证1000,852,2023-07-25,6448.27,6498.27,6499.42,6444.58,147365727,173378677340.3,0.86,1.63,104.48,1.54
中证1000,852,2023-07-26,6497.59,6457.25,6497.59,6441.56,149583522,156686884841.1,0.86,-0.63,-41.02,1.57
中证1000,852,2023-07-27,6458.48,6407.55,6475.83,6397.59,144624358,153183204639.7,1.21,-0.77,-49.7,1.52
中证1000,852,2023-07-28,6389.43,6465.38,6471.68,6369.37,157267532,166557072689.7,1.6,0.9,57.83,1.65
中证1000,852,2023-07-31,6475.83,6515.85,6549.75,6475.83,183815980,200589879396.8,1.14,0.78,50.47,1.93
中证1000,852,2023-08-01,6513.14,6507.41,6521.97,6482.17,184326464,183590037269.7,0.61,-0.13,-8.44,1.93
中证1000,852,2023-08-02,6499.86,6496.02,6515.07,6475.42,168646289,171110955343.6,0.61,-0.18,-11.39,1.77
中证1000,852,2023-08-03,6472.11,6499.54,6502.55,6460.28,163471395,164830188575.0,0.65,0.05,3.52,1.71
中证1000,852,2023-08-04,6514.54,6535.32,6561.74,6505.86,194622999,205415679148.2,0.86,0.55,35.78,2.04
中证1000,852,2023-08-07,6524.3,6503.98,6532.52,6485.66,168919412,185333349118.4,0.72,-0.48,-31.34,1.77
中证1000,852,2023-08-08,6496.59,6471.34,6500.9,6457.25,142743414,154646581021.4,0.67,-0.5,-32.64,1.5
中证1000,852,2023-08-09,6452.98,6420.98,6464.36,6411.23,132319467,148343587966.1,0.82,-0.78,-50.36,1.39
中证1000,852,2023-08-10,6409.22,6426.81,6438.43,6392.89,131957692,134873259680.6,0.71,0.09,5.83,1.38
中证1000,852,2023-08-11,6428.88,6304.64,6428.88,6304.64,149016729,149330410481.6,1.93,-1.9,-122.17,1.56
中证1000,852,2023-08-14,6251.97,6319.41,6320.95,6213.98,138392221,145626319567.7,1.7,0.23,14.77,1.45
中证1000,852,2023-08-15,6318.55,6261.73,6325.57,6203.44,122703107,132851531982.6,1.93,-0.91,-57.68,1.29
中证1000,852,2023-08-16,6240.71,6186.4,6255.81,6186.4,124958759,132390724363.0,1.11,-1.2,-75.33,1.31
中证1000,852,2023-08-17,6167.65,6247.6,6255.05,6128.13,129135238,139152590239.6,2.05,0.99,61.2,1.35
中证1000,852,2023-08-18,6245.13,6117.11,6259.79,6117.11,139212539,139942744386.9,2.28,-2.09,-130.49,1.46
中证1000,852,2023-08-21,6107.92,6057.17,6154.25,6057.17,117091696,119633708945.6,1.59,-0.98,-59.94,1.23
中证1000,852,2023-08-22,6082.72,6099.19,6108.21,5984.44,144282422,153871289474.6,2.04,0.69,42.02,1.51
中证1000,852,2023-08-23,6084.15,5973.67,6084.15,5973.65,128422382,135807067809.5,1.81,-2.06,-125.52,1.35
中证1000,852,2023-08-24,5989.43,5987.97,6049.55,5942.57,134197451,146793181319.9,1.79,0.24,14.3,1.41
中证1000,852,2023-08-25,5960.59,5879.03,5980.24,5855.88,140117108,150562437510.2,2.08,-1.82,-108.94,1.47
中证1000,852,2023-08-28,6204.1,5922.16,6204.1,5907.94,210870098,213172935998.4,5.04,0.73,43.13,2.21
中证1000,852,2023-08-29,5909.46,6108.76,6121.59,5907.96,186689576,200633240451.9,3.61,3.15,186.6,1.96
中证1000,852,2023-08-30,6117.41,6139.63,6185.27,6102.09,167499560,194127658982.3,1.36,0.51,30.87,1.75
中证1000,852,2023-08-31,6130.64,6104.3,6130.95,6087.33,143040409,161004803812.9,0.71,-0.58,-35.33,1.5
中证1000,852,2023-09-01,6108.13,6107.2,6136.78,6086.27,124017053,138221321938.3,0.83,0.05,2.9,1.3
中证1000,852,2023-09-04,6129.54,6198.76,6198.76,6109.1,155507281,167770708192.2,1.47,1.5,91.56,1.63
中证1000,852,2023-09-05,6188.52,6167.64,6206.35,6154.83,141067999,162636723668.8,0.83,-0.5,-31.12,1.48
中证1000,852,2023-09-06,6146.39,6195.38,6202.32,6117.81,129717664,154853582103.2,1.37,0.45,27.74,1.36
中证1000,852,2023-09-07,6185.33,6083.49,6185.33,6083.49,132254116,150714755551.1,1.64,-1.81,-111.89,1.39
中证1000,852,2023-09-08,6063.24,6102.49,6128.84,6062.9,118918279,142083251234.9,1.08,0.31,19.0,1.25
中证1000,852,2023-09-11,6114.07,6182.64,6204.43,6083.39,144003299,172589292458.9,1.98,1.31,80.15,1.51
中证1000,852,2023-09-12,6175.63,6184.61,6212.26,6169.04,120512253,144771928170.4,0.7,0.03,1.97,1.26
中证1000,852,2023-09-13,6169.53,6103.14,6177.38,6059.29,125032676,137493570903.0,1.91,-1.32,-81.47,1.31
中证1000,852,2023-09-14,6101.77,6068.71,6102.49,6037.72,114441844,123059669839.3,1.06,-0.56,-34.43,1.2
中证1000,852,2023-09-15,6082.19,6079.06,6117.82,6046.87,124196903,137783233761.5,1.17,0.17,10.35,1.3
中证1000,852,2023-09-18,6058.3,6083.97,6106.27,6029.97,118394457,132969980890.5,1.26,0.08,4.91,1.24
中证1000,852,2023-09-19,6077.4,6031.04,6077.4,6011.91,112745993,121079846424.0,1.08,-0.87,-52.93,1.18
中证1000,852,2023-09-20,6020.91,5982.56,6038.75,5982.11,105727974,115642454583.7,0.94,-0.8,-48.48,1.11
中证1000,852,2023-09-21,5968.35,5939.66,5999.4,5931.1,99709529,107167135605.8,1.14,-0.72,-42.9,1.04
中证1000,852,2023-09-22,5934.27,6054.93,6056.45,5923.24,133556772,147800973210.0,2.24,1.94,115.27,1.4
中证1000,852,2023-09-25,6051.82,6027.39,6058.47,6014.61,129532612,146282703213.5,0.72,-0.45,-27.54,1.36
中证1000,852,2023-09-26,6017.3,5996.11,6034.85,5996.05,114061563,127029193782.8,0.64,-0.52,-31.28,1.19
中证1000,852,2023-09-27,5989.8,6034.06,6063.91,5989.16,121662330,141278698421.4,1.25,0.63,37.95,1.27
中证1000,852,2023-09-28,6048.83,6078.94,6085.53,6048.68,127759256,144764775657.9,0.61,0.74,44.88,1.34
中证1000,852,2023-10-09,6073.28,6059.97,6075.46,6025.36,136755964,151374309942.0,0.82,-0.31,-18.97,1.43
中证1000,852,2023-10-10,6069.91,6043.48,6084.93,6037.47,140815312,164183443354.7,0.78,-0.27,-16.49,1.48
中证1000,852,2023-10-11,6056.03,6059.4,6105.42,6040.5,143601130,169349269562.3,1.07,0.26,15.92,1.5
中证1000,852,2023-10-12,6088.55,6104.46,6106.95,6064.82,145452824,171667913017.6,0.7,0.74,45.06,1.52
中证1000,852,2023-10-13,6080.33,6081.87,6091.54,6063.56,144115089,174075416253.5,0.46,-0.37,-22.59,1.51
中证1000,852,2023-10-16,6089.42,6024.36,6089.48,5996.79,164459217,187595023327.5,1.52,-0.95,-57.51,1.72
中证1000,852,2023-10-17,6027.91,6011.37,6028.02,5967.3,139421234,158570292157.5,1.01,-0.22,-12.99,1.46
中证1000,852,2023-10-18,5992.51,5908.01,5992.51,5905.84,145065153,164665612255.6,1.44,-1.72,-103.36,1.52
中证1000,852,2023-10-19,5879.81,5842.89,5929.58,5842.41,155497801,169977393153.2,1.48,-1.1,-65.12,1.63
中证1000,852,2023-10-20,5816.72,5774.32,5855.46,5767.02,138964349,152073198748.0,1.51,-1.17,-68.57,1.46
中证1000,852,2023-10-23,5754.18,5638.14,5754.25,5613.73,145845854,156462250900.6,2.43,-2.36,-136.18,1.53
中证1000,852,2023-10-24,5654.93,5719.32,5734.55,5625.71,151553066,163599460545.3,1.93,1.44,81.18,1.59
中证1000,852,2023-10-25,5753.68,5778.9,5811.27,5752.79,163597326,178946013549.6,1.02,1.04,59.58,1.71
中证1000,852,2023-10-26,5745.53,5811.69,5817.63,5724.0,157275832,177171582140.6,1.62,0.57,32.79,1.65
中证1000,852,2023-10-27,5792.61,5916.68,5937.54,5774.63,172179646,201532115498.5,2.8,1.81,104.99,1.8
中证1000,852,2023-10-30,5899.38,6006.56,6017.28,5898.69,179281052,219628050414.6,2.0,1.52,89.88,1.88
中证1000,852,2023-10-31,6003.37,5969.34,6013.73,5934.2,165318441,196000266081.5,1.32,-0.62,-37.22,1.73
中证1000,852,2023-11-01,5969.81,5958.42,5983.87,5943.19,147451128,169629133630.9,0.68,-0.18,-10.92,1.54
中证1000,852,2023-11-02,5958.48,5885.25,5983.22,5885.25,140144412,159352391952.8,1.64,-1.23,-73.17,1.47
中证1000,852,2023-11-03,5895.6,5973.17,5992.75,5895.6,146120206,172570856141.9,1.65,1.49,87.92,1.53
中证1000,852,2023-11-06,6007.43,6096.57,6097.04,6007.43,186603146,215540583016.6,1.5,2.07,123.4,1.95
中证1000,852,2023-11-07,6088.51,6116.76,6132.14,6068.24,173946707,206605084921.0,1.05,0.33,20.19,1.82
中证1000,852,2023-11-08,6114.99,6138.94,6160.24,6099.29,183964088,224318842687.9,1.0,0.36,22.18,1.93
中证1000,852,2023-11-09,6135.07,6100.69,6160.98,6087.73,162244319,197856013542.6,1.19,-0.62,-38.25,1.7
中证1000,852,2023-11-10,6079.47,6088.56,6097.61,6055.99,141567605,169645048925.2,0.68,-0.2,-12.13,1.48
中证1000,852,2023-11-13,6107.27,6144.63,6144.63,6095.27,150359606,185937464876.6,0.81,0.92,56.07,1.58
中证1000,852,2023-11-14,6143.48,6181.98,6189.5,6133.22,160172363,195770027635.7,0.92,0.61,37.35,1.68
中证1000,852,2023-11-15,6226.2,6207.27,6234.54,6184.9,167613188,214464439439.3,0.8,0.41,25.29,1.76
中证1000,852,2023-11-16,6188.83,6145.15,6193.64,6143.82,143682116,180547587296.0,0.8,-1.0,-62.12,1.51
中证1000,852,2023-11-17,6135.83,6199.23,6199.23,6131.67,145989658,178812142666.7,1.1,0.88,54.08,1.53
中证1000,852,2023-11-20,6211.34,6253.28,6254.14,6184.64,160246271,200298798170.4,1.12,0.87,54.05,1.68
中证1000,852,2023-11-21,6258.74,6212.13,6267.22,6200.69,176150665,211256978811.5,1.06,-0.66,-41.15,1.85
中证1000,852,2023-11-22,6193.36,6132.97,6221.87,6132.97,171183163,191793674607.7,1.43,-1.27,-79.16,1.79
中证1000,852,2023-11-23,6123.59,6197.53,6199.88,6107.0,152107183,169982693460.0,1.51,1.05,64.56,1.59
中证1000,852,2023-11-24,6194.02,6115.41,6194.02,6098.96,149815992,166155059738.9,1.53,-1.33,-82.12,1.57
中证1000,852,2023-11-27,6107.56,6111.36,6130.4,6076.71,154433077,169812162709.9,0.88,-0.07,-4.05,1.62
中证1000,852,2023-11-28,6099.51,6143.3,6143.3,6065.69,128368133,147277411213.9,1.27,0.52,31.94,1.34
中证1000,852,2023-11-29,6138.76,6113.37,6154.9,6103.98,135643952,150365714312.9,0.83,-0.49,-29.93,1.42
中证1000,852,2023-11-30,6104.77,6080.55,6110.41,6031.48,131032999,148669808037.8,1.29,-0.54,-32.82,1.37
中证1000,852,2023-12-01,6078.64,6130.05,6142.74,6059.8,145352744,166337102381.5,1.36,0.81,49.5,1.52
中证1000,852,2023-12-04,6131.59,6114.39,6147.05,6110.25,153414365,177072943576.5,0.6,-0.26,-15.66,1.61
中证1000,852,2023-12-05,6098.12,5992.6,6098.12,5992.6,142775427,162512340061.1,1.73,-1.99,-121.79,1.5
中证1000,852,2023-12-06,5977.61,6023.8,6066.42,5970.28,144320624,153827863997.4,1.6,0.52,31.2,1.51
中证1000,852,2023-12-07,6019.96,6020.83,6044.86,5983.25,148536627,166906747990.9,1.02,-0.05,-2.97,1.56
中证1000,852,2023-12-08,6021.92,6003.14,6056.06,6003.14,167971282,194131627853.1,0.88,-0.29,-17.69,1.76
中证1000,852,2023-12-11,5984.68,6075.08,6080.8,5933.74,159843436,181217092726.1,2.45,1.2,71.94,1.67
中证1000,852,2023-12-12,6070.88,6078.99,6084.28,6050.73,129712088,152793036408.5,0.55,0.06,3.91,1.36
中证1000,852,2023-12-13,6067.78,6019.55,6076.36,6019.55,122547150,143748119086.9,0.93,-0.98,-59.44,1.28
中证1000,852,2023-12-14,6038.92,5991.86,6072.61,5989.23,120199382,138756005777.9,1.39,-0.46,-27.69,1.26
中证1000,852,2023-12-15,6000.26,5951.6,6016.4,5935.32,123710100,138326703914.6,1.35,-0.67,-40.26,1.3
中证1000,852,2023-12-18,5939.43,5857.01,5941.9,5845.96,125259423,130966305876.3,1.61,-1.59,-94.59,1.31
中证1000,852,2023-12-19,5853.19,5863.54,5887.77,5820.51,111682675,116256467570.0,1.15,0.11,6.53,1.17
中证1000,852,2023-12-20,5869.56,5761.31,5873.76,5761.31,111630053,120601845450.7,1.92,-1.74,-102.23,1.17
中证1000,852,2023-12-21,5739.02,5798.91,5814.04,5685.64,124949100,134047868867.1,2.23,0.65,37.6,1.31
中证1000,852,2023-12-22,5797.61,5733.91,5819.65,5713.8,141167085,147745244442.0,1.83,-1.12,-65.0,1.48
中证1000,852,2023-12-25,5726.56,5735.73,5753.43,5698.32,109638963,116368993151.3,0.96,0.03,1.82,1.15
中证1000,852,2023-12-26,5734.15,5651.59,5734.56,5632.87,104063276,112250605152.7,1.77,-1.47,-84.14,1.09
中证1000,852,2023-12-27,5658.19,5696.16,5703.17,5636.94,108265354,115290789797.9,1.17,0.79,44.57,1.13
中证1000,852,2023-12-28,5687.75,5805.53,5824.4,5660.13,144134383,155833384642.4,2.88,1.92,109.37,1.51
中证1000,852,2023-12-29,5797.58,5887.24,5891.63,5795.76,134690778,152875806702.9,1.65,1.41,81.71,1.41
中证1000,852,2024-01-02,5891.17,5854.75,5891.23,5854.59,128377670,141351641579.1,0.62,-0.55,-32.49,1.34
中证1000,852,2024-01-03,5838.55,5824.04,5861.41,5785.25,119248925,131179260680.9,1.3,-0.52,-30.71,1.25
中证1000,852,2024-01-04,5814.94,5783.02,5814.94,5753.47,102952534,112642946169.6,1.06,-0.7,-41.02,1.08
中证1000,852,2024-01-05,5779.76,5675.81,5796.76,5652.13,119205197,126682946916.8,2.5,-1.85,-107.21,1.25
中证1000,852,2024-01-08,5664.45,5543.57,5664.45,5543.57,110512726,112633892924.6,2.13,-2.33,-132.24,1.16
中证1000,852,2024-01-09,5553.18,5553.3,5607.22,5513.13,110223223,114678407169.2,1.7,0.18,9.73,1.15
中证1000,852,2024-01-10,5540.66,5512.07,5580.42,5462.36,106499446,108158125143.0,2.13,-0.74,-41.23,1.12
中证1000,852,2024-01-11,5507.8,5611.11,5634.02,5502.29,124717749,123635425166.1,2.39,1.8,99.04,1.31
中证1000,852,2024-01-12,5601.1,5574.49,5646.27,5574.41,121066881,118289969742.1,1.28,-0.65,-36.62,1.27
中证1000,852,2024-01-15,5558.15,5559.38,5607.13,5520.36,108667184,107428092792.8,1.56,-0.27,-15.11,1.14
中证1000,852,2024-01-16,5555.0,5539.47,5566.21,5463.29,116803108,113669505608.7,1.85,-0.36,-19.91,1.22
中证1000,852,2024-01-17,5529.89,5389.12,5529.89,5389.12,104037354,104138700026.9,2.54,-2.71,-150.35,1.09
中证1000,852,2024-01-18,5360.21,5373.42,5375.23,5214.9,148711036,142966452446.5,2.98,-0.29,-15.7,1.56
中证1000,852,2024-01-19,5364.81,5306.99,5395.14,5304.96,106431086,109174686371.9,1.68,-1.24,-66.43,1.11
中证1000,852,2024-01-22,5298.31,5000.83,5298.31,4970.2,144252512,139600818351.0,6.18,-5.77,-306.16,1.51
中证1000,852,2024-01-23,4992.79,5079.63,5102.44,4939.52,130288241,124162903226.6,3.26,1.58,78.8,1.36
中证1000,852,2024-01-24,5102.82,5143.41,5151.42,4951.9,143326441,135222048613.6,3.93,1.26,63.78,1.5
中证1000,852,2024-01-25,5143.29,5316.2,5316.26,5112.54,163144917,158319218894.5,3.96,3.36,172.79,1.71
中证1000,852,2024-01-26,5303.96,5269.76,5352.85,5253.32,155415661,150031258107.2,1.87,-0.87,-46.44,1.63
中证1000,852,2024-01-29,5282.82,5131.25,5301.87,5131.25,150000892,141294666661.0,3.24,-2.63,-138.51,1.57
中证1000,852,2024-01-30,5099.59,4984.66,5144.29,4978.91,125015069,117586947100.2,3.22,-2.86,-146.59,1.31
中证1000,852,2024-01-31,4949.19,4785.03,4986.1,4775.62,158237155,139299752958.0,4.22,-4.0,-199.63,1.66
中证1000,852,2024-02-01,4753.64,4750.44,4858.72,4684.47,147115516,129099528518.5,3.64,-0.72,-34.59,1.54
中证1000,852,2024-02-02,4753.67,4574.67,4802.62,4431.82,176885435,150000797614.0,7.81,-3.7,-175.77,1.85
中证1000,852,2024-02-05,4534.75,4293.07,4534.75,4177.94,211274330,166206907857.5,7.8,-6.16,-281.6,2.21
中证1000,852,2024-02-06,4229.79,4592.44,4641.45,4192.97,210187410,169330958130.7,10.45,6.97,299.37,2.2
中证1000,852,2024-02-07,4604.12,4797.85,4848.24,4599.35,216213317,188713236491.8,5.42,4.47,205.41,2.26
中证1000,852,2024-02-08,4826.14,4993.1,5067.23,4826.14,217620059,192261800168.9,5.02,4.07,195.25,2.28
中证1000,852,2024-02-19,5062.68,5029.59,5071.2,4950.33,203870996,185885021627.3,2.42,0.73,36.49,2.14
中证1000,852,2024-02-20,5004.42,5046.01,5058.22,4950.39,154344285,151079011056.7,2.14,0.33,16.42,1.62
中证1000,852,2024-02-21,5001.66,5073.48,5208.65,4974.08,193280527,178053450105.2,4.65,0.54,27.47,2.02
中证1000,852,2024-02-22,5075.43,5151.53,5152.02,5066.0,153064295,146838694830.7,1.7,1.54,78.05,1.6
中证1000,852,2024-02-23,5169.01,5225.67,5225.67,5114.15,171213693,167541135856.9,2.16,1.44,74.14,1.79
中证1000,852,2024-02-26,5234.81,5255.4,5325.77,5201.13,184471643,180222595495.4,2.39,0.57,29.73,1.93
中证1000,852,2024-02-27,5237.11,5394.03,5394.03,5218.59,182622372,183476438078.7,3.34,2.64,138.63,1.91
中证1000,852,2024-02-28,5403.5,5152.05,5478.09,5152.05,260742382,251859520937.9,6.04,-4.49,-241.98,2.73
中证1000,852,2024-02-29,5122.18,5344.61,5344.61,5122.18,188036238,185219961181.5,4.32,3.74,192.56,1.97
中证1000,852,2024-03-01,5354.73,5401.94,5411.32,5322.09,184436487,196339349955.4,1.67,1.07,57.33,1.93
中证1000,852,2024-03-04,5412.91,5428.34,5429.8,5332.24,179308205,199765408572.6,1.81,0.49,26.4,1.88
中证1000,852,2024-03-05,5392.88,5375.13,5417.82,5337.67,174166911,196428311575.6,1.48,-0.98,-53.21,1.82
中证1000,852,2024-03-06,5346.08,5381.46,5434.4,5306.46,154684371,164978930227.7,2.38,0.12,6.33,1.62
中证1000,852,2024-03-07,5389.99,5303.28,5430.39,5303.28,161023860,167524667896.0,2.36,-1.45,-78.18,1.69
中证1000,852,2024-03-08,5309.59,5370.37,5386.18,5283.15,139130895,147532325483.8,1.94,1.27,67.09,1.46
中证1000,852,2024-03-11,5358.84,5466.65,5466.65,5350.29,164133442,175152725407.5,2.17,1.79,96.28,1.72
中证1000,852,2024-03-12,5477.13,5496.36,5524.5,5443.96,183984140,198909272334.7,1.47,0.54,29.71,1.93
中证1000,852,2024-03-13,5501.59,5521.78,5561.08,5476.79,181270807,200355388366.4,1.53,0.46,25.42,1.9
中证1000,852,2024-03-14,5521.72,5486.65,5546.1,5433.21,168948172,184410019586.7,2.04,-0.64,-35.13,1.77
中证1000,852,2024-03-15,5472.89,5555.64,5555.64,5459.32,161095841,171573287270.1,1.76,1.26,68.99,1.69
中证1000,852,2024-03-18,5573.93,5648.01,5648.01,5559.05,193419517,212069710000.3,1.6,1.66,92.37,2.03
中证1000,852,2024-03-19,5633.5,5607.48,5660.5,5607.26,181118096,202358294570.7,0.94,-0.72,-40.53,1.9
中证1000,852,2024-03-20,5600.12,5659.15,5663.74,5600.12,179307654,199862431481.6,1.13,0.92,51.67,1.88
中证1000,852,2024-03-21,5674.5,5658.28,5690.45,5623.3,194332946,215621373720.6,1.19,-0.02,-0.87,2.04
中证1000,852,2024-03-22,5649.08,5595.88,5660.15,5546.78,210254327,226506007179.6,2.0,-1.1,-62.4,2.2
中证1000,852,2024-03-25,5581.35,5466.06,5611.69,5466.06,204705382,224613418949.1,2.6,-2.32,-129.82,2.14
中证1000,852,2024-03-26,5454.65,5447.75,5495.63,5381.85,183180684,197261354305.9,2.08,-0.33,-18.31,1.92
中证1000,852,2024-03-27,5435.97,5266.23,5436.65,5266.23,179173504,183978555512.1,3.13,-3.33,-181.52,1.88
中证1000,852,2024-03-28,5262.22,5382.24,5430.77,5262.22,178598735,187597295821.2,3.2,2.2,116.01,1.87
中证1000,852,2024-03-29,5383.74,5441.26,5441.26,5345.87,168653431,177336825495.7,1.77,1.1,59.02,1.77
中证1000,852,2024-04-01,5461.59,5559.06,5559.87,5461.59,191025707,202413394132.8,1.81,2.16,117.8,2.0
中证1000,852,2024-04-02,5556.52,5531.05,5556.52,5490.82,196097459,201831299209.6,1.18,-0.5,-28.01,2.05
中证1000,852,2024-04-03,5518.91,5500.93,5525.03,5457.61,186291066,191730116467.6,1.22,-0.54,-30.12,1.95
中证1000,852,2024-04-08,5487.63,5399.91,5492.4,5399.91,186573359,186731192201.4,1.68,-1.84,-101.02,1.95
中证1000,852,2024-04-09,5392.99,5468.91,5468.91,5384.03,159201159,160292707953.5,1.57,1.28,69.0,1.67
中证1000,852,2024-04-10,5456.97,5367.05,5456.97,5325.91,167459493,164477827457.1,2.4,-1.86,-101.86,1.75
中证1000,852,2024-04-11,5330.68,5379.92,5441.5,5322.84,165143700,162747758509.6,2.21,0.24,12.87,1.73
中证1000,852,2024-04-12,5379.17,5338.77,5408.52,5330.54,157174522,155385863393.2,1.45,-0.76,-41.15,1.65
中证1000,852,2024-04-15,5320.81,5287.51,5364.59,5205.71,201711028,188383366155.5,2.98,-0.96,-51.26,2.11
中证1000,852,2024-04-16,5255.21,5066.66,5283.83,5063.94,207171940,188123371675.1,4.16,-4.18,-220.85,2.17
中证1000,852,2024-04-17,5109.08,5287.46,5287.46,5109.08,190079395,181206086976.7,3.52,4.36,220.8,1.99
中证1000,852,2024-04-18,5276.47,5286.72,5345.44,5233.9,188225058,187626267250.1,2.11,-0.01,-0.74,1.97
中证1000,852,2024-04-19,5257.01,5264.39,5312.15,5224.32,178870211,176532930688.6,1.66,-0.42,-22.33,1.87
中证1000,852,2024-04-22,5231.56,5246.08,5300.79,5187.52,167762229,165970259919.5,2.15,-0.35,-18.31,1.76
中证1000,852,2024-04-23,5234.43,5218.43,5260.29,5194.26,156851394,154949436774.9,1.26,-0.53,-27.65,1.64
中证1000,852,2024-04-24,5219.26,5305.61,5305.61,5200.6,162666749,165940790840.9,2.01,1.67,87.18,1.7
中证1000,852,2024-04-25,5285.14,5313.99,5357.44,5273.55,157831248,164090144070.8,1.58,0.16,8.38,1.65
中证1000,852,2024-04-26,5303.15,5415.94,5420.37,5303.15,210886927,219583789153.5,2.21,1.92,101.95,2.21
中证1000,852,2024-04-29,5422.41,5545.23,5550.21,5422.41,241439744,247411968960.4,2.36,2.39,129.29,2.53
中证1000,852,2024-04-30,5530.94,5497.43,5542.19,5482.99,204909743,205851328015.8,1.07,-0.86,-47.8,2.15
中证1000,852,2024-05-06,5558.92,5606.84,5611.27,5558.92,205174028,213462084934.0,0.95,1.99,109.41,2.15
中证1000,852,2024-05-07,5604.27,5625.34,5631.95,5593.01,185622540,197355483310.2,0.69,0.33,18.5,1.94
中证1000,852,2024-05-08,5605.59,5536.66,5605.59,5529.91,175730988,186180909949.6,1.35,-1.58,-88.68,1.84
中证1000,852,2024-05-09,5533.51,5626.83,5638.64,5533.51,172678261,186969311191.0,1.9,1.63,90.17,1.81
中证1000,852,2024-05-10,5632.76,5574.23,5641.92,5549.61,188377044,190161522864.5,1.64,-0.93,-52.6,1.97
中证1000,852,2024-05-13,5537.93,5520.8,5556.71,5479.95,180308639,183109444689.9,1.38,-0.96,-53.43,1.89
中证1000,852,2024-05-14,5524.43,5551.68,5574.25,5524.26,169585067,171272800583.8,0.91,0.56,30.88,1.78
中证1000,852,2024-05-15,5541.81,5497.23,5551.26,5491.52,163304598,157739697587.4,1.08,-0.98,-54.45,1.71
中证1000,852,2024-05-16,5508.95,5488.95,5539.92,5474.28,169798002,163725528727.5,1.19,-0.15,-8.28,1.78
中证1000,852,2024-05-17,5489.42,5563.23,5564.06,5478.3,182873081,174923884707.1,1.56,1.35,74.28,1.92
中证1000,852,2024-05-20,5563.65,5596.78,5612.35,5548.9,197476441,194649563347.6,1.14,0.6,33.55,2.07
中证1000,852,2024-05-21,5586.01,5536.74,5586.01,5517.39,172959880,164385097291.6,1.23,-1.07,-60.04,1.81
中证1000,852,2024-05-22,5532.84,5539.66,5553.7,5508.76,168002993,159617620663.6,0.81,0.05,2.92,1.76
中证1000,852,2024-05-23,5521.18,5412.82,5521.18,5402.0,175806710,165079443510.7,2.15,-2.29,-126.84,1.84
中证1000,852,2024-05-24,5401.58,5350.11,5436.81,5350.11,151050114,144589510290.4,1.6,-1.16,-62.71,1.58
中证1000,852,2024-05-27,5358.08,5404.62,5404.62,5295.09,151409114,145062270806.0,2.05,1.02,54.51,1.59
中证1000,852,2024-05-28,5390.4,5348.03,5414.98,5343.83,148458050,142242447962.1,1.32,-1.05,-56.59,1.56
中证1000,852,2024-05-29,5336.7,5351.25,5386.78,5324.69,142698663,131551463739.0,1.16,0.06,3.22,1.49
中证1000,852,2024-05-30,5334.8,5334.3,5371.81,5311.44,141323171,133560052962.3,1.13,-0.32,-16.95,1.48
中证1000,852,2024-05-31,5334.1,5355.21,5381.72,5334.1,136735137,133719611673.3,0.89,0.39,20.91,1.43
中证1000,852,2024-06-03,5350.64,5284.62,5351.25,5246.17,163388152,156847760734.7,1.96,-1.32,-70.59,1.71
中证1000,852,2024-06-04,5267.36,5313.71,5319.71,5229.68,145127777,138133314033.1,1.7,0.55,29.09,1.52
中证1000,852,2024-06-05,5294.3,5244.09,5330.8,5244.09,132143504,129081217483.1,1.63,-1.31,-69.62,1.38
中证1000,852,2024-06-06,5249.95,5130.87,5275.89,5113.21,169793255,159189463760.4,3.1,-2.16,-113.22,1.78
中证1000,852,2024-06-07,5159.17,5153.59,5190.0,5096.08,130320202,127151511671.8,1.83,0.44,22.72,1.37
中证1000,852,2024-06-11,5132.22,5198.92,5208.18,5086.86,128533904,130922333475.1,2.35,0.88,45.33,1.35
中证1000,852,2024-06-12,5188.36,5216.46,5231.47,5186.61,121650752,125294312043.5,0.86,0.34,17.54,1.27
中证1000,852,2024-06-13,5214.41,5180.24,5219.71,5170.17,131172507,138017519920.1,0.95,-0.69,-36.22,1.37
中证1000,852,2024-06-14,5164.87,5180.65,5190.71,5138.36,139132978,147939037918.9,1.01,0.01,0.41,1.46
中证1000,852,2024-06-17,5158.98,5183.97,5211.39,5151.28,124616372,140185484941.9,1.16,0.06,3.32,1.31
中证1000,852,2024-06-18,5183.27,5227.25,5237.82,5177.28,135460663,139816865554.0,1.17,0.83,43.28,1.42
中证1000,852,2024-06-19,5230.49,5159.99,5241.97,5159.99,125806229,137697257826.4,1.57,-1.29,-67.26,1.32
中证1000,852,2024-06-20,5150.8,5056.14,5174.87,5052.89,141500845,145161795219.6,2.36,-2.01,-103.85,1.48
中证1000,852,2024-06-21,5040.63,5055.33,5090.57,5014.48,111201689,113314006072.6,1.5,-0.02,-0.81,1.16
中证1000,852,2024-06-24,5025.52,4887.78,5029.73,4884.5,128915163,133643136633.0,2.87,-3.31,-167.55,1.35
中证1000,852,2024-06-25,4885.89,4847.61,4907.96,4814.68,112593300,116321034874.9,1.91,-0.82,-40.17,1.18
中证1000,852,2024-06-26,4842.0,4986.38,4988.31,4812.1,138027529,125780748745.5,3.63,2.86,138.77,1.45
中证1000,852,2024-06-27,4964.66,4864.09,4969.09,4862.63,121642911,114644913464.2,2.14,-2.45,-122.29,1.27
中证1000,852,2024-06-28,4855.35,4895.99,4968.27,4851.84,134567796,129940344766.5,2.39,0.66,31.9,1.41
中证1000,852,2024-07-01,4894.56,4940.25,4954.18,4839.75,129219325,123312519185.0,2.34,0.9,44.26,1.35
中证1000,852,2024-07-02,4940.7,4905.65,4951.2,4886.7,118827986,116969050568.0,1.31,-0.7,-34.6,1.24
中证1000,852,2024-07-03,4900.67,4867.13,4906.51,4857.78,102300301,103816042643.4,0.99,-0.79,-38.52,1.07
中证1000,852,2024-07-04,4868.55,4761.87,4883.74,4745.91,121202257,107066707375.0,2.83,-2.16,-105.26,1.27
中证1000,852,2024-07-05,4753.73,4810.79,4828.84,4711.87,110602467,100918951124.1,2.46,1.03,48.92,1.16
中证1000,852,2024-07-08,4801.49,4693.96,4801.49,4679.28,123548775,109218205975.5,2.54,-2.43,-116.83,1.29
中证1000,852,2024-07-09,4689.27,4797.06,4810.32,4645.2,148511187,139660896310.1,3.52,2.2,103.1,1.56
中证1000,852,2024-07-10,4783.17,4777.68,4829.21,4768.12,138401543,133173779703.4,1.27,-0.4,-19.38,1.45
中证1000,852,2024-07-11,4846.11,4893.59,4896.15,4821.41,153190469,152871133831.3,1.56,2.43,115.91,1.6
中证1000,852,2024-07-12,4884.41,4878.02,4897.17,4858.3,130854179,126357791679.3,0.79,-0.32,-15.57,1.37
中证1000,852,2024-07-15,4869.0,4827.6,4869.0,4815.41,126413017,116891290149.3,1.1,-1.03,-50.42,1.32
中证1000,852,2024-07-16,4815.74,4836.72,4845.35,4786.21,120891502,119708973121.0,1.23,0.19,9.12,1.27
中证1000,852,2024-07-17,4834.44,4795.62,4842.72,4786.35,120425116,121445754615.7,1.17,-0.85,-41.1,1.26
中证1000,852,2024-07-18,4763.3,4812.43,4822.62,4714.6,121727781,126287644105.4,2.25,0.35,16.81,1.28
中证1000,852,2024-07-19,4788.77,4821.42,4854.71,4778.71,112647955,120485073177.8,1.58,0.19,8.99,1.18
中证1000,852,2024-07-22,4822.64,4826.87,4848.31,4798.12,110732121,117656274044.7,1.04,0.11,5.45,1.16
中证1000,852,2024-07-23,4825.75,4694.95,4825.75,4694.95,120495201,121481765801.7,2.71,-2.73,-131.92,1.26
中证1000,852,2024-07-24,4682.06,4631.01,4713.07,4625.42,121091980,118860085094.9,1.87,-1.36,-63.94,1.27
中证1000,852,2024-07-25,4602.63,4632.57,4678.66,4587.71,108530458,105862951893.2,1.96,0.03,1.56,1.14
中证1000,852,2024-07-26,4638.31,4702.08,4710.57,4638.31,110691033,108478164451.4,1.56,1.5,69.51,1.16
中证1000,852,2024-07-29,4707.28,4685.65,4707.28,4670.8,109319605,108822855999.8,0.78,-0.35,-16.43,1.15
中证1000,852,2024-07-30,4674.92,4702.49,4716.21,4637.41,112315594,112127735536.1,1.68,0.36,16.84,1.18
中证1000,852,2024-07-31,4698.73,4889.08,4889.77,4690.0,173761942,168965970522.2,4.25,3.97,186.59,1.82
中证1000,852,2024-08-01,4894.81,4878.29,4933.06,4850.63,146421421,150211396562.7,1.69,-0.22,-10.79,1.53
中证1000,852,2024-08-02,4844.78,4809.89,4902.94,4802.02,137989767,141716564224.7,2.07,-1.4,-68.4,1.45
中证1000,852,2024-08-05,4776.18,4678.78,4854.59,4678.74,152847485,147489789943.2,3.66,-2.73,-131.11,1.6
中证1000,852,2024-08-06,4731.2,4749.95,4766.27,4695.64,127097641,119128621767.9,1.51,1.52,71.17,1.33
中证1000,852,2024-08-07,4741.65,4743.41,4772.21,4715.53,112619284,108823999546.0,1.19,-0.14,-6.54,1.18
中证1000,852,2024-08-08,4728.33,4739.49,4776.49,4677.43,126746572,118155007291.9,2.09,-0.08,-3.92,1.33
中证1000,852,2024-08-09,4760.13,4702.75,4789.17,4702.75,115665338,101903629129.5,1.82,-0.78,-36.74,1.21
中证1000,852,2024-08-12,4696.36,4674.1,4707.22,4657.33,107665245,93579528556.9,1.06,-0.61,-28.65,1.13
中证1000,852,2024-08-13,4671.2,4697.59,4698.34,4642.67,100207248,89086385467.7,1.19,0.5,23.49,1.05
中证1000,852,2024-08-14,4698.0,4649.28,4698.15,4649.28,99911373,88773228421.6,1.04,-1.03,-48.31,1.05
中证1000,852,2024-08-15,4639.08,4691.85,4743.73,4620.56,129900650,111783008443.3,2.65,0.92,42.57,1.36
中证1000,852,2024-08-16,4696.72,4655.65,4703.03,4654.46,122612541,108413620564.2,1.04,-0.77,-36.2,1.28
中证1000,852,2024-08-19,4651.3,4663.61,4714.06,4644.6,119942244,104904645645.9,1.49,0.17,7.96,1.26
中证1000,852,2024-08-20,4663.78,4579.3,4665.63,4563.86,129979655,107871967949.6,2.18,-1.81,-84.31,1.36
中证1000,852,2024-08-21,4564.38,4548.26,4590.2,4543.88,108164315,92275965567.0,1.01,-0.68,-31.04,1.13
中证1000,852,2024-08-22,4549.3,4491.84,4562.98,4484.56,113469330,97994054397.8,1.72,-1.24,-56.42,1.19
中证1000,852,2024-08-23,4482.65,4495.34,4510.6,4462.76,110254720,94849186101.1,1.07,0.08,3.5,1.15
中证1000,852,2024-08-26,4492.71,4512.89,4531.17,4476.24,112271843,97519324794.1,1.22,0.39,17.55,1.18
中证1000,852,2024-08-27,4500.74,4459.68,4501.08,4449.21,113939520,100126840568.5,1.15,-1.18,-53.21,1.19
中证1000,852,2024-08-28,4449.71,4470.55,4506.31,4437.52,107903177,92367714620.6,1.54,0.24,10.87,1.13
中证1000,852,2024-08-29,4453.43,4542.46,4558.95,4443.9,129788753,118136327341.6,2.57,1.61,71.91,1.36
中证1000,852,2024-08-30,4539.93,4629.32,4691.01,4534.04,177838616,163027974058.4,3.46,1.91,86.86,1.86
中证1000,852,2024-09-02,4627.18,4532.51,4635.77,4529.83,155927274,139933704119.0,2.29,-2.09,-96.81,1.63
中证1000,852,2024-09-03,4529.94,4572.4,4598.63,4529.94,128952462,116579546737.0,1.52,0.88,39.89,1.35
中证1000,852,2024-09-04,4542.9,4550.77,4594.44,4529.34,122871657,113470304817.7,1.42,-0.47,-21.63,1.29
中证1000,852,2024-09-05,4554.52,4586.78,4614.75,4554.52,121209194,108293303464.3,1.32,0.79,36.01,1.27
中证1000,852,2024-09-06,4588.93,4508.23,4595.7,4506.39,127217733,115580272235.0,1.95,-1.71,-78.55,1.33
中证1000,852,2024-09-09,4490.99,4475.53,4523.37,4459.13,113284927,100227926910.6,1.42,-0.73,-32.7,1.19
中证1000,852,2024-09-10,4481.49,4487.58,4507.15,4400.78,132351585,114554770062.8,2.38,0.27,12.05,1.39
中证1000,852,2024-09-11,4469.01,4486.01,4500.68,4453.2,113953972,101974619541.4,1.06,-0.03,-1.57,1.19
中证1000,852,2024-09-12,4490.52,4468.74,4542.28,4468.74,118731187,106135757549.8,1.64,-0.38,-17.27,1.24
中证1000,852,2024-09-13,4471.98,4413.19,4478.22,4413.19,116827287,102975444046.2,1.46,-1.24,-55.55,1.22
中证1000,852,2024-09-18,4413.9,4399.13,4425.79,4342.21,113552078,94168113827.8,1.89,-0.32,-14.06,1.19
中证1000,852,2024-09-19,4418.78,4482.27,4527.61,4385.49,145747160,122312275719.1,3.23,1.89,83.14,1.53
中证1000,852,2024-09-20,4484.18,4463.36,4487.08,4428.17,127480177,110050423361.6,1.31,-0.42,-18.91,1.34
中证1000,852,2024-09-23,4462.72,4469.13,4513.97,4445.99,124945066,113678187174.8,1.52,0.13,5.77,1.31
中证1000,852,2024-09-24,4489.49,4642.56,4642.56,4466.34,215782531,186154173396.1,3.94,3.88,173.43,2.26
中证1000,852,2024-09-25,4688.39,4686.26,4799.86,4681.85,264240731,228396448070.1,2.54,0.94,43.7,2.77
中证1000,852,2024-09-26,4675.94,4874.13,4874.13,4672.87,253977829,222158651466.9,4.29,4.01,187.87,2.66
中证1000,852,2024-09-27,4950.94,5136.44,5164.54,4944.84,290681694,277755801270.4,4.51,5.38,262.31,3.05
中证1000,852,2024-09-30,5375.57,5708.83,5732.57,5307.55,471432852,484582504080.6,8.27,11.14,572.39,4.94
中证1000,852,2024-10-08,6437.11,6201.99,6437.11,5861.32,550590792,637520550865.1,10.09,8.64,493.16,5.77
中证1000,852,2024-10-09,6052.67,5727.38,6105.03,5706.05,458094212,561178624981.7,6.43,-7.65,-474.61,4.8
中证1000,852,2024-10-10,5777.9,5654.53,5881.33,5593.98,349628012,422832925090.9,5.02,-1.27,-72.85,3.66
中证1000,852,2024-10-11,5610.95,5416.76,5616.81,5349.32,279992646,325513950176.7,4.73,-4.2,-237.77,2.93
中证1000,852,2024-10-14,5451.62,5615.76,5620.42,5346.42,281144405,332914366924.4,5.06,3.67,199.0,2.95
中证1000,852,2024-10-15,5585.69,5507.18,5704.56,5505.81,297517095,380974458307.9,3.54,-1.93,-108.58,3.12
中证1000,852,2024-10-16,5425.43,5524.25,5598.84,5424.39,248520319,306601622534.3,3.17,0.31,17.07,2.6
中证1000,852,2024-10-17,5563.46,5505.61,5624.79,5504.49,276397486,351913540301.8,2.18,-0.34,-18.64,2.9
中证1000,852,2024-10-18,5495.2,5749.43,5880.9,5484.24,359719039,468006517576.1,7.2,4.43,243.82,3.77
中证1000,852,2024-10-21,5797.0,5860.57,5954.44,5767.79,355061095,496180057607.1,3.25,1.93,111.14,3.72
中证1000,852,2024-10-22,5866.79,5888.81,5940.37,5814.3,347298628,466594853550.6,2.15,0.48,28.24,3.64
中证1000,852,2024-10-23,5871.32,5903.58,5991.59,5856.37,333753772,435103067665.1,2.3,0.25,14.77,3.5
中证1000,852,2024-10-24,5871.29,5861.63,5887.45,5817.93,264149476,352283289320.8,1.18,-0.71,-41.95,2.77
中证1000,852,2024-10-25,5876.44,5974.91,6014.11,5876.21,306820665,394949027910.6,2.35,1.93,113.28,3.21
中证1000,852,2024-10-28,5988.72,6082.09,6082.09,5965.0,326722938,408798512149.4,1.96,1.79,107.18,3.42
中证1000,852,2024-10-29,6106.19,5983.84,6113.64,5982.53,369325299,475114148305.5,2.16,-1.62,-98.25,3.87
中证1000,852,2024-10-30,5960.79,6019.35,6043.59,5945.68,324380186,416947148542.4,1.64,0.59,35.51,3.4
中证1000,852,2024-10-31,6041.01,6116.66,6161.56,6004.71,386119485,507595177939.2,2.61,1.62,97.31,4.04
中证1000,852,2024-11-01,6100.79,5930.23,6125.41,5912.53,409338276,511368123627.1,3.48,-3.05,-186.43,4.29
中证1000,852,2024-11-04,5912.31,6053.11,6053.11,5912.31,295637147,378246863909.9,2.37,2.07,122.88,3.1
中证1000,852,2024-11-05,6057.21,6266.54,6279.92,6051.46,390142531,511248826464.4,3.77,3.53,213.43,4.09
中证1000,852,2024-11-06,6287.29,6293.19,6368.87,6247.15,424250101,551410098216.1,1.94,0.43,26.65,4.44
中证1000,852,2024-11-07,6238.62,6403.92,6403.92,6229.49,408571652,498495772935.5,2.77,1.76,110.73,4.28
中证1000,852,2024-11-08,6470.07,6423.12,6526.65,6400.09,451796308,570702092921.5,1.98,0.3,19.2,4.73
中证1000,852,2024-11-11,6416.17,6579.01,6580.57,6412.58,402436255,551137709952.7,2.62,2.43,155.89,4.22
中证1000,852,2024-11-12,6593.82,6491.97,6616.16,6429.35,400715244,547396142339.8,2.84,-1.32,-87.04,4.2
中证1000,852,2024-11-13,6453.86,6474.39,6512.6,6357.56,317485928,420386937348.9,2.39,-0.27,-17.58,3.33
中证1000,852,2024-11-14,6462.01,6272.19,6472.95,6263.31,294794718,387867737326.2,3.24,-3.12,-202.2,3.09
中证1000,852,2024-11-15,6246.34,6125.51,6331.87,6124.66,295191634,383424106208.7,3.3,-2.34,-146.68,3.09
中证1000,852,2024-11-18,6154.51,5974.56,6180.88,5937.09,322672608,374007994760.5,3.98,-2.46,-150.95,3.38
中证1000,852,2024-11-19,5977.84,6130.28,6130.5,5945.46,273167526,327924260763.4,3.1,2.61,155.72,2.86
